,Date,,,,,,,,,,,,,,,,,,,,
CDEC:ADM,,,,,,,,,,,,,,,,,,,,,
CDEC:AGP,,,,,,,,,,,,,,,,,,,,,
CDEC:ALP,,,,,,,,,,,,,,,,,,,,,
CDEC:BCB,,,,,,,,,,,,,,,,,,,,,
CDEC:BCH,,,,,,,,,,,,,,,,,,,,,
CDEC:BFL,,,,,,,,,,,,,,,,,,,,,
CDEC:BGP,,,,,,,,,,,,,,,,,,,,,
CDEC:BIM,,,,,,,,,,,,,,,,,,,,,
CDEC:BKL,,,,,,,,,,,,,,,,,,,,,
CDEC:BLA,,,,,,,,,,,,,,,,,,,,,
CDEC:BLC,,,,,,,,,,,,,,,,,,,,,
CDEC:BLD,,,,,,,,,,,,,,,,,,,,,
CDEC:BLK,,,,,,,,,,,,,,,,,,,,,
CDEC:BLS,,,,,,,,,,,,,,,,,,,,,
CDEC:BMW,,,,,,,,,,,,,,,,,,,,,
CDEC:BNK,,,,,,,,,,,,,,,,,,,,,
CDEC:BSK,,,,,,,,,,,,,,,,,,,,,
CDEC:CDP,,,,,,,,,,,,,,,,,,,,,
CDEC:CHM,,,,,,,,,,,,,,,,,,,,,
CDEC:CHP,,,,,,,,,,,,,,,,,,,,,
CDEC:CRL,,,,,,,,,,,,,,,,,,,,,
CDEC:CSL,,,,,,,,,,,,,,,,,,,,,
CDEC:CSV,,,,,,,,,,,,,,,,,,,,,
CDEC:CWD,,,,,,,,,,,,,,,,,,,,,
CDEC:CWF,,,,,,,,,,,,,,,,,,,,,
CDEC:CXS,,,,,,,,,,,,,,,,,,,,,
CDEC:DAN,,,,,,,,,,,,,,,,,,,,,
CDEC:DDM,,,,,,,,,,,,,,,,,,,,,
CDEC:DPO,,,,,,,,,,,,,,,,,,,,,
CDEC:DSS,,,,,,,,,,,,,,,,,,,,,
CDEC:EBB,,,,,,,,,,,,,,,,,,,,,
CDEC:EP5,,,,,,,,,,,,,,,,,,,,,
CDEC:FDC,,,,,,,,,,,,,,,,,,,,,
CDEC:FLL,,,,,,,,,,,,,,,,,,,,,
CDEC:FRN,,,,,,,,,,,,,,,,,,,,,
CDEC:FRW,,,,,,,,,,,,,,,,,,,,,
CDEC:GEM,,,,,,,,,,,,,,,,,,,,,
CDEC:GIN,,,,,,,,,,,,,,,,,,,,,
CDEC:GKS,,,,,,,,,,,,,,,,,,,,,
CDEC:GNF,,,,,,,,,,,,,,,,,,,,,
CDEC:GNL,,,,,,,,,,,,,,,,,,,,,
CDEC:GRM,,,,,,,,,,,,,,,,,,,,,
CDEC:GRV,,,,,,,,,,,,,,,,,,,,,
CDEC:GRZ,,,,,,,,,,,,,,,,,,,,,
CDEC:HGM,,,,,,,,,,,,,,,,,,,,,
CDEC:HIG,,,,,,,,,,,,,,,,,,,,,
CDEC:HMB,,,,,,,,,,,,,,,,,,,,,
CDEC:HNT,,,,,,,,,,,,,,,,,,,,,
CDEC:HOR,,,,,,,,,,,,,,,,,,,,,
CDEC:HRK,,,,,,,,,,,,,,,,,,,,,
CDEC:HRS,,,,,,,,,,,,,,,,,,,,,
CDEC:HVN,,,,,,,,,,,,,,,,,,,,,
CDEC:HYS,,,,,,,,,,,,,,,,,,,,,
CDEC:IDC,,,,,,,,,,,,,,,,,,,,,
CDEC:IDP,,,,,,,,,,,,,,,,,,,,,
CDEC:INN,,,,,,,,,,,,,,,,,,,,,
CDEC:KTL,,,,,,,,,,,,,,,,,,,,,
CDEC:LBD,,,,,,,,,,,,,,,,,,,,,
CDEC:LLP,,,,,,,,,,,,,,,,,,,,,
CDEC:LVM,,,,,,,,,,,,,,,,,,,,,
CDEC:LVT,,,,,,,,,,,,,,,,,,,,,
CDEC:MDW,,,,,,,,,,,,,,,,,,,,,
CDEC:MED,,,,,,,,,,,,,,,,,,,,,
CDEC:MHP,,,,,,,,,,,,,,,,,,,,,
CDEC:MNT,,,,,,,,,,,,,,,,,,,,,
CDEC:MRL,,,,,,,,,,,,,,,,,,,,,
CDEC:MSK,,,,,,,,,,,,,,,,,,,,,
CDEC:MTM,,,,,,,,,,,,,,,,,,,,,
CDEC:PDS,,,,,,,,,,,,,,,,,,,,,
CDEC:PET,,,,,,,,,,,,,,,,,,,,,
CDEC:PSC,,,,,,,,,,,,,,,,,,,,,
CDEC:PSN,,,,,,,,,,,,,,,,,,,,,
CDEC:QUA,,,,,,,,,,,,,,,,,,,,,
CDEC:RBP,,,,,,,,,,,,,,,,,,,,,
CDEC:RCC,,,,,,,,,,,,,,,,,,,,,
CDEC:RCK,,,,,,,,,,,,,,,,,,,,,
CDEC:RP2,,,,,,,,,,,,,,,,,,,,,
CDEC:RRM,,,,,,,,,,,,,,,,,,,,,
CDEC:RTL,,,,,,,,,,,,,,,,,,,,,
CDEC:SCN,,,,,,,,,,,,,,,,,,,,,
CDEC:SCT,,,,,,,,,,,,,,,,,,,,,
CDEC:SDF,,,,,,,,,,,,,,,,,,,,,
CDEC:SDW,,,,,,,,,,,,,,,,,,,,,
CDEC:SHM,,,,,,,,,,,,,,,,,,,,,
CDEC:SIL,,,,,,,,,,,,,,,,,,,,,
CDEC:SLM,,,,,,,,,,,,,,,,,,,,,
CDEC:SLT,,,,,,,,,,,,,,,,,,,,,
CDEC:SPS,,,,,,,,,,,,,,,,,,,,,
CDEC:SPT,,,,,,,,,,,,,,,,,,,,,
CDEC:SQV,,,,,,,,,,,,,,,,,,,,,
CDEC:SSM,,,,,,,,,,,,,,,,,,,,,
CDEC:SWM,,,,,,,,,,,,,,,,,,,,,
CDEC:TCC,,,,,,,,,,,,,,,,,,,,,
CDEC:TK2,,,,,,,,,,,,,,,,,,,,,
CDEC:TMR,,,,,,,,,,,,,,,,,,,,,
CDEC:TNY,,,,,,,,,,,,,,,,,,,,,
CDEC:TUM,,,,,,,,,,,,,,,,,,,,,
CDEC:UBC,,,,,,,,,,,,,,,,,,,,,
CDEC:UTY,,,,,,,,,,,,,,,,,,,,,
CDEC:VLC,,,,,,,,,,,,,,,,,,,,,
CDEC:VRG,,,,,,,,,,,,,,,,,,,,,
CDEC:VVL,,,,,,,,,,,,,,,,,,,,,
CDEC:WC3,,,,,,,,,,,,,,,,,,,,,
CDEC:WHW,,,,,,,,,,,,,,,,,,,,,
CDEC:WTM,,,,,,,,,,,,,,,,,,,,,
CDEC:WWC,,,,,,,,,,,,,,,,,,,,,
SNOTEL:1000_OR_SNTL,,,,,,,,,,,,,,,,,,,,,
SNOTEL:1004_WA_SNTL,,,,,,,,,,,,,,,,,,,,,
SNOTEL:1005_CO_SNTL,,,,,,,,,,,,,,,,,,,,,
SNOTEL:1007_OR_SNTL,,,,,,,,,,,,,,,,,,,,,
SNOTEL:1009_MT_SNTL,,,,,,,,,,,,,,,,,,,,,
SNOTEL:1010_OR_SNTL,,,,,,,,,,,,,,,,,,,,,
SNOTEL:1011_WA_SNTL,,,,,,,,,,,,,,,,,,,,,
SNOTEL:1012_WA_SNTL,,,,,,,,,,,,,,,,,,,,,
SNOTEL:1013_UT_SNTL,,,,,,,,,,,,,,,,,,,,,
SNOTEL:1014_CO_SNTL,,,,,,,,,,,,,,,,,,,,,
SNOTEL:1015_WY_SNTL,,,,,,,,,,,,,,,,,,,,,
SNOTEL:1016_ID_SNTL,,,,,,,,,,,,,,,,,,,,,
SNOTEL:1017_NM_SNTL,,,,,,,,,,,,,,,,,,,,,
SNOTEL:1018_OR_SNTL,,,,,,,,,,,,,,,,,,,,,
SNOTEL:1019_OR_SNTL,,,,,,,,,,,,,,,,,,,,,
SNOTEL:1020_OR_SNTL,,,,,,,,,,,,,,,,,,,,,
SNOTEL:1021_OR_SNTL,,,,,,,,,,,,,,,,,,,,,
SNOTEL:1022_OR_SNTL,,,,,,,,,,,,,,,,,,,,,
SNOTEL:1023_OR_SNTL,,,,,,,,,,,,,,,,,,,,,
SNOTEL:1024_OR_SNTL,,,,,,,,,,,,,,,,,,,,,
SNOTEL:1025_OR_SNTL,,,,,,,,,,,,,,,,,,,,,
SNOTEL:1027_OR_SNTL,,,,,,,,,,,,,,,,,,,,,
SNOTEL:1028_OR_SNTL,,,,,,,,,,,,,,,,,,,,,
SNOTEL:1029_OR_SNTL,,,,,,,,,,,,,,,,,,,,,
SNOTEL:1030_CO_SNTL,,,,,,,,,,,,,,,,,,,,,
SNOTEL:1031_CO_SNTL,,,,,,,,,,,,,,,,,,,,,
SNOTEL:1032_CO_SNTL,,,,,,,,,,,,,,,,,,,,,
SNOTEL:1033_CO_SNTL,,,,,,,,,,,,,,,,,,,,,
SNOTEL:1034_NM_SNTL,,,,,,,,,,,,,,,,,,,,,
SNOTEL:1038_ID_SNTL,,,,,,,,,,,,,,,,,,,,,
SNOTEL:1039_UT_SNTL,,,,,,,,,,,,,,,,,,,,,
SNOTEL:1040_CO_SNTL,,,,,,,,,,,,,,,,,,,,,
SNOTEL:1043_WA_SNTL,,,,,,,,,,,,,,,,,,,,,
SNOTEL:1044_OR_SNTL,,,,,,,,,,,,,,,,,,,,,
SNOTEL:1045_WY_SNTL,,,,,,,,,,,,,,,,,,,,,
SNOTEL:1046_WY_SNTL,,,,,,,,,,,,,,,,,,,,,
SNOTEL:1048_NM_SNTL,,,,,,,,,,,,,,,,,,,,,
SNOTEL:1050_CA_SNTL,,,,,,,,,,,,,,,,,,,,,
SNOTEL:1051_CA_SNTL,,,,,,,,,,,,,,,,,,,,,
SNOTEL:1052_CA_SNTL,,,,,,,,,,,,,,,,,,,,,
SNOTEL:1053_ID_SNTL,,,,,,,,,,,,,,,,,,,,,
SNOTEL:1054_UT_SNTL,,,,,,,,,,,,,,,,,,,,,
SNOTEL:1058_CO_SNTL,,,,,,,,,,,,,,,,,,,,,
SNOTEL:1061_CO_SNTL,,,,,,,,,,,,,,,,,,,,,
SNOTEL:1065_UT_SNTL,,,,,,,,,,,,,,,,,,,,,
SNOTEL:1066_UT_SNTL,,,,,,,,,,,,,,,,,,,,,
SNOTEL:1067_CA_SNTL,,,,,,,,,,,,,,,,,,,,,
SNOTEL:1068_WA_SNTL,,,,,,,,,,,,,,,,,,,,,
SNOTEL:1077_OR_SNTL,,,,,,,,,,,,,,,,,,,,,
SNOTEL:1079_OR_SNTL,,,,,,,,,,,,,,,,,,,,,
SNOTEL:1082_WY_SNTL,,,,,,,,,,,,,,,,,,,,,
SNOTEL:1084_OR_SNTL,,,,,,,,,,,,,,,,,,,,,
SNOTEL:1085_WA_SNTL,,,,,,,,,,,,,,,,,,,,,
SNOTEL:1098_UT_SNTL,,,,,,,,,,,,,,,,,,,,,
SNOTEL:1099_UT_SNTL,,,,,,,,,,,,,,,,,,,,,
SNOTEL:1100_CO_SNTL,,,,,,,,,,,,,,,,,,,,,
SNOTEL:1101_CO_SNTL,,,,,,,,,,,,,,,,,,,,,
SNOTEL:1104_WA_SNTL,,,,,,,,,,,,,,,,,,,,,
SNOTEL:1105_MT_SNTL,,,,,,,,,,,,,,,,,,,,,
SNOTEL:1107_WA_SNTL,,,,,,,,,,,,,,,,,,,,,
SNOTEL:1109_WA_SNTL,,,,,,,,,,,,,,,,,,,,,
SNOTEL:1110_NV_SNTL,,,,,,,,,,,,,,,,,,,,,
SNOTEL:1111_NV_SNTL,,,,,,,,,,,,,,,,,,,,,
SNOTEL:1113_UT_SNTL,,,,,,,,,,,,,,,,,,,,,
SNOTEL:1114_UT_SNTL,,,,,,,,,,,,,,,,,,,,,
SNOTEL:1115_UT_SNTL,,,,,,,,,,,,,,,,,,,,,
SNOTEL:1119_WY_SNTL,,,,,,,,,,,,,,,,,,,,,
SNOTEL:1120_CO_SNTL,,,,,,,,,,,,,,,,,,,,,
SNOTEL:1121_AZ_SNTL,,,,,,,,,,,,,,,,,,,,,
SNOTEL:1122_CO_SNTL,,,,,,,,,,,,,,,,,,,,,
SNOTEL:1123_CO_SNTL,,,,,,,,,,,,,,,,,,,,,
SNOTEL:1124_CO_SNTL,,,,,,,,,,,,,,,,,,,,,
SNOTEL:1127_AZ_SNTL,,,,,,,,,,,,,,,,,,,,,
SNOTEL:1128_CO_SNTL,,,,,,,,,,,,,,,,,,,,,
SNOTEL:1129_WA_SNTL,,,,,,,,,,,,,,,,,,,,,
SNOTEL:1131_WY_SNTL,,,,,,,,,,,,,,,,,,,,,
SNOTEL:1132_WY_SNTL,,,,,,,,,,,,,,,,,,,,,
SNOTEL:1133_WY_SNTL,,,,,,,,,,,,,,,,,,,,,
SNOTEL:1134_WY_SNTL,,,,,,,,,,,,,,,,,,,,,
SNOTEL:1135_UT_SNTL,,,,,,,,,,,,,,,,,,,,,
SNOTEL:1136_NV_SNTL,,,,,,,,,,,,,,,,,,,,,
SNOTEL:1138_NM_SNTL,,,,,,,,,,,,,,,,,,,,,
SNOTEL:1139_AZ_SNTL,,,,,,,,,,,,,,,,,,,,,
SNOTEL:1140_AZ_SNTL,,,,,,,,,,,,,,,,,,,,,
SNOTEL:1141_CO_SNTL,,,,,,,,,,,,,,,,,,,,,
SNOTEL:1143_AZ_SNTL,,,,,,,,,,,,,,,,,,,,,
SNOTEL:1144_MT_SNTL,,,,,,,,,,,,,,,,,,,,,
SNOTEL:1146_UT_SNTL,,,,,,,,,,,,,,,,,,,,,
SNOTEL:1147_NV_SNTL,,,,,,,,,,,,,,,,,,,,,
SNOTEL:1148_UT_SNTL,,,,,,,,,,,,,,,,,,,,,
SNOTEL:1149_UT_SNTL,,,,,,,,,,,,,,,,,,,,,
SNOTEL:1150_NV_SNTL,,,,,,,,,,,,,,,,,,,,,
SNOTEL:1152_NV_SNTL,,,,,,,,,,,,,,,,,,,,,
SNOTEL:1154_UT_SNTL,,,,,,,,,,,,,,,,,,,,,
SNOTEL:1155_NV_SNTL,,,,,,,,,,,,,,,,,,,,,
SNOTEL:1156_UT_SNTL,,,,,,,,,,,,,,,,,,,,,
SNOTEL:1157_WA_SNTL,,,,,,,,,,,,,,,,,,,,,
SNOTEL:1159_WA_SNTL,,,,,,,,,,,,,,,,,,,,,
SNOTEL:1160_CO_SNTL,,,,,,,,,,,,,,,,,,,,,
SNOTEL:1161_CO_SNTL,,,,,,,,,,,,,,,,,,,,,
SNOTEL:1162_UT_SNTL,,,,,,,,,,,,,,,,,,,,,
SNOTEL:1166_OR_SNTL,,,,,,,,,,,,,,,,,,,,,
SNOTEL:1167_OR_SNTL,,,,,,,,,,,,,,,,,,,,,
SNOTEL:1168_NM_SNTL,,,,,,,,,,,,,,,,,,,,,
SNOTEL:1169_NM_SNTL,,,,,,,,,,,,,,,,,,,,,
SNOTEL:1170_NM_SNTL,,,,,,,,,,,,,,,,,,,,,
SNOTEL:1171_WA_SNTL,,,,,,,,,,,,,,,,,,,,,
SNOTEL:1172_NM_SNTL,,,,,,,,,,,,,,,,,,,,,
SNOTEL:1184_UT_SNTL,,,,,,,,,,,,,,,,,,,,,
SNOTEL:1185_CO_SNTL,,,,,,,,,,,,,,,,,,,,,
SNOTEL:1186_CO_SNTL,,,,,,,,,,,,,,,,,,,,,
SNOTEL:1187_CO_SNTL,,,,,,,,,,,,,,,,,,,,,
SNOTEL:1192_UT_SNTL,,,,,,,,,,,,,,,,,,,,,
SNOTEL:1195_NV_SNTL,,,,,,,,,,,,,,,,,,,,,
SNOTEL:1196_WY_SNTL,,,,,,,,,,,,,,,,,,,,,
SNOTEL:1197_UT_SNTL,,,,,,,,,,,,,,,,,,,,,
SNOTEL:1202_NV_SNTL,,,,,,,,,,,,,,,,,,,,,
SNOTEL:1203_NV_SNTL,,,,,,,,,,,,,,,,,,,,,
SNOTEL:1205_NV_SNTL,,,,,,,,,,,,,,,,,,,,,
SNOTEL:1206_NV_SNTL,,,,,,,,,,,,,,,,,,,,,
SNOTEL:1209_NV_SNTL,,,,,,,,,,,,,,,,,,,,,
SNOTEL:1213_NV_SNTL,,,,,,,,,,,,,,,,,,,,,
SNOTEL:1214_UT_SNTL,,,,,,,,,,,,,,,,,,,,,
SNOTEL:1215_UT_SNTL,,,,,,,,,,,,,,,,,,,,,
SNOTEL:1216_UT_SNTL,,,,,,,,,,,,,,,,,,,,,
SNOTEL:1222_UT_SNTL,,,,,,,,,,,,,,,,,,,,,
SNOTEL:1223_UT_SNTL,,,,,,,,,,,,,,,,,,,,,
SNOTEL:1224_UT_SNTL,,,,,,,,,,,,,,,,,,,,,
SNOTEL:1225_UT_SNTL,,,,,,,,,,,,,,,,,,,,,
SNOTEL:1226_UT_SNTL,,,,,,,,,,,,,,,,,,,,,
SNOTEL:1227_UT_SNTL,,,,,,,,,,,,,,,,,,,,,
SNOTEL:1228_UT_SNTL,,,,,,,,,,,,,,,,,,,,,
SNOTEL:1231_WA_SNTL,,,,,,,,,,,,,,,,,,,,,
SNOTEL:1236_UT_SNTL,,,,,,,,,,,,,,,,,,,,,
SNOTEL:1242_NV_SNTL,,,,,,,,,,,,,,,,,,,,,
SNOTEL:1243_NV_SNTL,,,,,,,,,,,,,,,,,,,,,
SNOTEL:1244_NV_SNTL,,,,,,,,,,,,,,,,,,,,,
SNOTEL:1247_UT_SNTL,,,,,,,,,,,,,,,,,,,,,
SNOTEL:1248_UT_SNTL,,,,,,,,,,,,,,,,,,,,,
SNOTEL:1249_UT_SNTL,,,,,,,,,,,,,,,,,,,,,
SNOTEL:1251_CO_SNTL,,,,,,,,,,,,,,,,,,,,,
SNOTEL:1252_CO_SNTL,,,,,,,,,,,,,,,,,,,,,
SNOTEL:1254_NM_SNTL,,,,,,,,,,,,,,,,,,,,,
SNOTEL:1256_WA_SNTL,,,,,,,,,,,,,,,,,,,,,
SNOTEL:1257_WA_SNTL,,,,,,,,,,,,,,,,,,,,,
SNOTEL:1258_CA_SNTL,,,,,,,,,,,,,,,,,,,,,
SNOTEL:1259_WA_SNTL,,,,,,,,,,,,,,,,,,,,,
SNOTEL:1261_UT_SNTL,,,,,,,,,,,,,,,,,,,,,
SNOTEL:1262_NV_SNTL,,,,,,,,,,,,,,,,,,,,,
SNOTEL:1263_WA_SNTL,,,,,,,,,,,,,,,,,,,,,
SNOTEL:1269_UT_SNTL,,,,,,,,,,,,,,,,,,,,,
SNOTEL:1271_AZ_SNTL,,,,,,,,,,,,,,,,,,,,,
SNOTEL:1272_NV_SNTL,,,,,,,,,,,,,,,,,,,,,
SNOTEL:1276_ID_SNTL,,,,,,,,,,,,,,,,,,,,,
SNOTEL:1277_CA_SNTL,,,,,,,,,,,,,,,,,,,,,
SNOTEL:1278_UT_SNTL,,,,,,,,,,,,,,,,,,,,,
SNOTEL:1280_UT_SNTL,,,,,,,,,,,,,,,,,,,,,
SNOTEL:1286_MT_SNTL,,,,,,,,,,,,,,,,,,,,,
SNOTEL:1287_MT_SNTL,,,,,,,,,,,,,,,,,,,,,
SNOTEL:2029_ID_SNTL,,,,,,,,,,,,,,,,,,,,,
SNOTEL:246_CA_SNTL,,,,,,,,,,,,,,,,,,,,,
SNOTEL:247_CO_SNTL,,,,,,,,,,,,,,,,,,,,,
SNOTEL:248_CO_SNTL,,,,,,,,,,,,,,,,,,,,,
SNOTEL:249_CO_SNTL,,,,,,,,,,,,,,,,,,,,,
SNOTEL:250_CO_SNTL,,,,,,,,,,,,,,,,,,,,,
SNOTEL:251_ID_SNTL,,,,,,,,,,,,,,,,,,,,,
SNOTEL:252_MT_SNTL,,,,,,,,,,,,,,,,,,,,,
SNOTEL:253_MT_SNTL,,,,,,,,,,,,,,,,,,,,,
SNOTEL:254_MT_SNTL,,,,,,,,,,,,,,,,,,,,,
SNOTEL:255_MT_SNTL,,,,,,,,,,,,,,,,,,,,,
SNOTEL:256_MT_SNTL,,,,,,,,,,,,,,,,,,,,,
SNOTEL:257_NV_SNTL,,,,,,,,,,,,,,,,,,,,,
SNOTEL:258_NV_SNTL,,,,,,,,,,,,,,,,,,,,,
SNOTEL:259_OR_SNTL,,,,,,,,,,,,,,,,,,,,,
SNOTEL:261_UT_SNTL,,,,,,,,,,,,,,,,,,,,,
SNOTEL:262_WA_SNTL,,,,,,,,,,,,,,,,,,,,,
SNOTEL:263_WA_SNTL,,,,,,,,,,,,,,,,,,,,,
SNOTEL:264_WA_SNTL,,,,,,,,,,,,,,,,,,,,,
SNOTEL:266_WY_SNTL,,,,,,,,,,,,,,,,,,,,,
SNOTEL:267_WY_SNTL,,,,,,,,,,,,,,,,,,,,,
SNOTEL:268_WY_SNTL,,,,,,,,,,,,,,,,,,,,,
SNOTEL:269_WY_SNTL,,,,,,,,,,,,,,,,,,,,,
SNOTEL:301_CA_SNTL,,,,,,,,,,,,,,,,,,,,,
SNOTEL:302_OR_SNTL,,,,,,,,,,,,,,,,,,,,,
SNOTEL:303_CO_SNTL,,,,,,,,,,,,,,,,,,,,,
SNOTEL:304_OR_SNTL,,,,,,,,,,,,,,,,,,,,,
SNOTEL:305_CO_SNTL,,,,,,,,,,,,,,,,,,,,,
SNOTEL:306_ID_SNTL,,,,,,,,,,,,,,,,,,,,,
SNOTEL:308_AZ_SNTL,,,,,,,,,,,,,,,,,,,,,
SNOTEL:311_MT_SNTL,,,,,,,,,,,,,,,,,,,,,
SNOTEL:312_ID_SNTL,,,,,,,,,,,,,,,,,,,,,
SNOTEL:313_MT_SNTL,,,,,,,,,,,,,,,,,,,,,
SNOTEL:316_NM_SNTL,,,,,,,,,,,,,,,,,,,,,
SNOTEL:317_WY_SNTL,,,,,,,,,,,,,,,,,,,,,
SNOTEL:319_ID_SNTL,,,,,,,,,,,,,,,,,,,,,
SNOTEL:320_ID_SNTL,,,,,,,,,,,,,,,,,,,,,
SNOTEL:321_NV_SNTL,,,,,,,,,,,,,,,,,,,,,
SNOTEL:322_CO_SNTL,,,,,,,,,,,,,,,,,,,,,
SNOTEL:324_ID_SNTL,,,,,,,,,,,,,,,,,,,,,
SNOTEL:325_WY_SNTL,,,,,,,,,,,,,,,,,,,,,
SNOTEL:326_WY_SNTL,,,,,,,,,,,,,,,,,,,,,
SNOTEL:327_CO_SNTL,,,,,,,,,,,,,,,,,,,,,
SNOTEL:328_MT_SNTL,,,,,,,,,,,,,,,,,,,,,
SNOTEL:329_UT_SNTL,,,,,,,,,,,,,,,,,,,,,
SNOTEL:330_UT_SNTL,,,,,,,,,,,,,,,,,,,,,
SNOTEL:331_OR_SNTL,,,,,,,,,,,,,,,,,,,,,
SNOTEL:332_UT_SNTL,,,,,,,,,,,,,,,,,,,,,
SNOTEL:333_UT_SNTL,,,,,,,,,,,,,,,,,,,,,
SNOTEL:334_NV_SNTL,,,,,,,,,,,,,,,,,,,,,
SNOTEL:335_CO_SNTL,,,,,,,,,,,,,,,,,,,,,
SNOTEL:336_NV_SNTL,,,,,,,,,,,,,,,,,,,,,
SNOTEL:337_NV_SNTL,,,,,,,,,,,,,,,,,,,,,
SNOTEL:338_ID_SNTL,,,,,,,,,,,,,,,,,,,,,
SNOTEL:339_UT_SNTL,,,,,,,,,,,,,,,,,,,,,
SNOTEL:340_NV_SNTL,,,,,,,,,,,,,,,,,,,,,
SNOTEL:341_OR_SNTL,,,,,,,,,,,,,,,,,,,,,
SNOTEL:342_WY_SNTL,,,,,,,,,,,,,,,,,,,,,
SNOTEL:344_OR_SNTL,,,,,,,,,,,,,,,,,,,,,
SNOTEL:345_CO_SNTL,,,,,,,,,,,,,,,,,,,,,
SNOTEL:346_MT_SNTL,,,,,,,,,,,,,,,,,,,,,
SNOTEL:347_MT_SNTL,,,,,,,,,,,,,,,,,,,,,
SNOTEL:348_UT_SNTL,,,,,,,,,,,,,,,,,,,,,
SNOTEL:349_MT_SNTL,,,,,,,,,,,,,,,,,,,,,
SNOTEL:350_WY_SNTL,,,,,,,,,,,,,,,,,,,,,
SNOTEL:354_SD_SNTL,,,,,,,,,,,,,,,,,,,,,
SNOTEL:355_MT_SNTL,,,,,,,,,,,,,,,,,,,,,
SNOTEL:356_CA_SNTL,,,,,,,,,,,,,,,,,,,,,
SNOTEL:358_WY_SNTL,,,,,,,,,,,,,,,,,,,,,
SNOTEL:360_MT_SNTL,,,,,,,,,,,,,,,,,,,,,
SNOTEL:363_MT_SNTL,,,,,,,,,,,,,,,,,,,,,
SNOTEL:364_UT_SNTL,,,,,,,,,,,,,,,,,,,,,
SNOTEL:365_MT_SNTL,,,,,,,,,,,,,,,,,,,,,
SNOTEL:366_UT_SNTL,,,,,,,,,,,,,,,,,,,,,
SNOTEL:368_UT_SNTL,,,,,,,,,,,,,,,,,,,,,
SNOTEL:370_ID_SNTL,,,,,,,,,,,,,,,,,,,,,
SNOTEL:372_AZ_SNTL,,,,,,,,,,,,,,,,,,,,,
SNOTEL:373_NV_SNTL,,,,,,,,,,,,,,,,,,,,,
SNOTEL:375_WA_SNTL,,,,,,,,,,,,,,,,,,,,,
SNOTEL:376_WA_SNTL,,,,,,,,,,,,,,,,,,,,,
SNOTEL:377_WY_SNTL,,,,,,,,,,,,,,,,,,,,,
SNOTEL:379_WY_SNTL,,,,,,,,,,,,,,,,,,,,,
SNOTEL:380_CO_SNTL,,,,,,,,,,,,,,,,,,,,,
SNOTEL:381_MT_SNTL,,,,,,,,,,,,,,,,,,,,,
SNOTEL:385_MT_SNTL,,,,,,,,,,,,,,,,,,,,,
SNOTEL:386_CO_SNTL,,,,,,,,,,,,,,,,,,,,,
SNOTEL:387_CO_SNTL,,,,,,,,,,,,,,,,,,,,,
SNOTEL:388_OR_SNTL,,,,,,,,,,,,,,,,,,,,,
SNOTEL:389_WY_SNTL,,,,,,,,,,,,,,,,,,,,,
SNOTEL:390_UT_SNTL,,,,,,,,,,,,,,,,,,,,,
SNOTEL:392_UT_SNTL,,,,,,,,,,,,,,,,,,,,,
SNOTEL:393_UT_SNTL,,,,,,,,,,,,,,,,,,,,,
SNOTEL:396_UT_SNTL,,,,,,,,,,,,,,,,,,,,,
SNOTEL:397_WY_SNTL,,,,,,,,,,,,,,,,,,,,,
SNOTEL:398_OR_SNTL,,,,,,,,,,,,,,,,,,,,,
SNOTEL:399_UT_SNTL,,,,,,,,,,,,,,,,,,,,,
SNOTEL:401_OR_SNTL,,,,,,,,,,,,,,,,,,,,,
SNOTEL:402_WY_SNTL,,,,,,,,,,,,,,,,,,,,,
SNOTEL:403_MT_SNTL,,,,,,,,,,,,,,,,,,,,,
SNOTEL:406_OR_SNTL,,,,,,,,,,,,,,,,,,,,,
SNOTEL:407_MT_SNTL,,,,,,,,,,,,,,,,,,,,,
SNOTEL:409_CO_SNTL,,,,,,,,,,,,,,,,,,,,,
SNOTEL:410_MT_SNTL,,,,,,,,,,,,,,,,,,,,,
SNOTEL:411_ID_SNTL,,,,,,,,,,,,,,,,,,,,,
SNOTEL:412_CO_SNTL,,,,,,,,,,,,,,,,,,,,,
SNOTEL:413_MT_SNTL,,,,,,,,,,,,,,,,,,,,,
SNOTEL:414_MT_SNTL,,,,,,,,,,,,,,,,,,,,,
SNOTEL:415_CO_SNTL,,,,,,,,,,,,,,,,,,,,,
SNOTEL:416_AZ_SNTL,,,,,,,,,,,,,,,,,,,,,
SNOTEL:417_NV_SNTL,,,,,,,,,,,,,,,,,,,,,
SNOTEL:418_WA_SNTL,,,,,,,,,,,,,,,,,,,,,
SNOTEL:419_WY_SNTL,,,,,,,,,,,,,,,,,,,,,
SNOTEL:420_WA_SNTL,,,,,,,,,,,,,,,,,,,,,
SNOTEL:421_WY_SNTL,,,,,,,,,,,,,,,,,,,,,
SNOTEL:422_OR_SNTL,,,,,,,,,,,,,,,,,,,,,
SNOTEL:423_ID_SNTL,,,,,,,,,,,,,,,,,,,,,
SNOTEL:424_ID_SNTL,,,,,,,,,,,,,,,,,,,,,
SNOTEL:426_CO_SNTL,,,,,,,,,,,,,,,,,,,,,
SNOTEL:428_CA_SNTL,,,,,,,,,,,,,,,,,,,,,
SNOTEL:430_CO_SNTL,,,,,,,,,,,,,,,,,,,,,
SNOTEL:431_CO_SNTL,,,,,,,,,,,,,,,,,,,,,
SNOTEL:432_UT_SNTL,,,,,,,,,,,,,,,,,,,,,
SNOTEL:433_MT_SNTL,,,,,,,,,,,,,,,,,,,,,
SNOTEL:434_OR_SNTL,,,,,,,,,,,,,,,,,,,,,
SNOTEL:436_MT_SNTL,,,,,,,,,,,,,,,,,,,,,
SNOTEL:437_MT_SNTL,,,,,,,,,,,,,,,,,,,,,
SNOTEL:438_CO_SNTL,,,,,,,,,,,,,,,,,,,,,
SNOTEL:439_ID_SNTL,,,,,,,,,,,,,,,,,,,,,
SNOTEL:441_UT_SNTL,,,,,,,,,,,,,,,,,,,,,
SNOTEL:444_UT_SNTL,,,,,,,,,,,,,,,,,,,,,
SNOTEL:448_MT_SNTL,,,,,,,,,,,,,,,,,,,,,
SNOTEL:449_WY_SNTL,,,,,,,,,,,,,,,,,,,,,
SNOTEL:450_ID_SNTL,,,,,,,,,,,,,,,,,,,,,
SNOTEL:451_WY_SNTL,,,,,,,,,,,,,,,,,,,,,
SNOTEL:452_UT_SNTL,,,,,,,,,,,,,,,,,,,,,
SNOTEL:455_UT_SNTL,,,,,,,,,,,,,,,,,,,,,
SNOTEL:457_CO_SNTL,,,,,,,,,,,,,,,,,,,,,
SNOTEL:458_MT_SNTL,,,,,,,,,,,,,,,,,,,,,
SNOTEL:460_WY_SNTL,,,,,,,,,,,,,,,,,,,,,
SNOTEL:462_CA_SNTL,,,,,,,,,,,,,,,,,,,,,
SNOTEL:463_CA_SNTL,,,,,,,,,,,,,,,,,,,,,
SNOTEL:464_OR_SNTL,,,,,,,,,,,,,,,,,,,,,
SNOTEL:465_CO_SNTL,,,,,,,,,,,,,,,,,,,,,
SNOTEL:466_ID_SNTL,,,,,,,,,,,,,,,,,,,,,
SNOTEL:467_CO_SNTL,,,,,,,,,,,,,,,,,,,,,
SNOTEL:470_OR_SNTL,,,,,,,,,,,,,,,,,,,,,
SNOTEL:472_WY_SNTL,,,,,,,,,,,,,,,,,,,,,
SNOTEL:474_UT_SNTL,,,,,,,,,,,,,,,,,,,,,
SNOTEL:475_UT_SNTL,,,,,,,,,,,,,,,,,,,,,
SNOTEL:476_NV_SNTL,,,,,,,,,,,,,,,,,,,,,
SNOTEL:477_OR_SNTL,,,,,,,,,,,,,,,,,,,,,
SNOTEL:478_WA_SNTL,,,,,,,,,,,,,,,,,,,,,
SNOTEL:480_MT_SNTL,,,,,,,,,,,,,,,,,,,,,
SNOTEL:481_UT_SNTL,,,,,,,,,,,,,,,,,,,,,
SNOTEL:482_MT_SNTL,,,,,,,,,,,,,,,,,,,,,
SNOTEL:483_OR_SNTL,,,,,,,,,,,,,,,,,,,,,
SNOTEL:484_ID_SNTL,,,,,,,,,,,,,,,,,,,,,
SNOTEL:485_CO_SNTL,,,,,,,,,,,,,,,,,,,,,
SNOTEL:486_NM_SNTL,,,,,,,,,,,,,,,,,,,,,
SNOTEL:487_MT_SNTL,,,,,,,,,,,,,,,,,,,,,
SNOTEL:488_AZ_SNTL,,,,,,,,,,,,,,,,,,,,,
SNOTEL:489_ID_SNTL,,,,,,,,,,,,,,,,,,,,,
SNOTEL:490_ID_SNTL,,,,,,,,,,,,,,,,,,,,,
SNOTEL:491_NM_SNTL,,,,,,,,,,,,,,,,,,,,,
SNOTEL:493_ID_SNTL,,,,,,,,,,,,,,,,,,,,,
SNOTEL:494_OR_SNTL,,,,,,,,,,,,,,,,,,,,,
SNOTEL:495_UT_SNTL,,,,,,,,,,,,,,,,,,,,,
SNOTEL:497_WY_SNTL,,,,,,,,,,,,,,,,,,,,,
SNOTEL:498_NV_SNTL,,,,,,,,,,,,,,,,,,,,,
SNOTEL:499_WY_SNTL,,,,,,,,,,,,,,,,,,,,,
SNOTEL:500_MT_SNTL,,,,,,,,,,,,,,,,,,,,,
SNOTEL:503_NV_SNTL,,,,,,,,,,,,,,,,,,,,,
SNOTEL:505_CO_SNTL,,,,,,,,,,,,,,,,,,,,,
SNOTEL:507_WA_SNTL,,,,,,,,,,,,,,,,,,,,,
SNOTEL:508_CA_SNTL,,,,,,,,,,,,,,,,,,,,,
SNOTEL:509_WY_SNTL,,,,,,,,,,,,,,,,,,,,,
SNOTEL:510_MT_SNTL,,,,,,,,,,,,,,,,,,,,,
SNOTEL:512_WY_SNTL,,,,,,,,,,,,,,,,,,,,,
SNOTEL:514_UT_SNTL,,,,,,,,,,,,,,,,,,,,,
SNOTEL:519_AZ_SNTL,,,,,,,,,,,,,,,,,,,,,
SNOTEL:520_ID_SNTL,,,,,,,,,,,,,,,,,,,,,
SNOTEL:521_UT_SNTL,,,,,,,,,,,,,,,,,,,,,
SNOTEL:522_UT_SNTL,,,,,,,,,,,,,,,,,,,,,
SNOTEL:523_OR_SNTL,,,,,,,,,,,,,,,,,,,,,
SNOTEL:524_ID_SNTL,,,,,,,,,,,,,,,,,,,,,
SNOTEL:525_WY_SNTL,,,,,,,,,,,,,,,,,,,,,
SNOTEL:526_OR_SNTL,,,,,,,,,,,,,,,,,,,,,
SNOTEL:528_UT_SNTL,,,,,,,,,,,,,,,,,,,,,
SNOTEL:529_OR_SNTL,,,,,,,,,,,,,,,,,,,,,
SNOTEL:530_MT_SNTL,,,,,,,,,,,,,,,,,,,,,
SNOTEL:531_CO_SNTL,,,,,,,,,,,,,,,,,,,,,
SNOTEL:532_NM_SNTL,,,,,,,,,,,,,,,,,,,,,
SNOTEL:533_UT_SNTL,,,,,,,,,,,,,,,,,,,,,
SNOTEL:535_ID_SNTL,,,,,,,,,,,,,,,,,,,,,
SNOTEL:540_CA_SNTL,,,,,,,,,,,,,,,,,,,,,
SNOTEL:541_CA_SNTL,,,,,,,,,,,,,,,,,,,,,
SNOTEL:542_CO_SNTL,,,,,,,,,,,,,,,,,,,,,
SNOTEL:543_UT_SNTL,,,,,,,,,,,,,,,,,,,,,
SNOTEL:548_NV_SNTL,,,,,,,,,,,,,,,,,,,,,
SNOTEL:549_NV_SNTL,,,,,,,,,,,,,,,,,,,,,
SNOTEL:550_ID_SNTL,,,,,,,,,,,,,,,,,,,,,
SNOTEL:552_OR_SNTL,,,,,,,,,,,,,,,,,,,,,
SNOTEL:553_WA_SNTL,,,,,,,,,,,,,,,,,,,,,
SNOTEL:554_WY_SNTL,,,,,,,,,,,,,,,,,,,,,
SNOTEL:555_WY_SNTL,,,,,,,,,,,,,,,,,,,,,
SNOTEL:556_CO_SNTL,,,,,,,,,,,,,,,,,,,,,
SNOTEL:558_OR_SNTL,,,,,,,,,,,,,,,,,,,,,
SNOTEL:559_UT_SNTL,,,,,,,,,,,,,,,,,,,,,
SNOTEL:560_WY_SNTL,,,,,,,,,,,,,,,,,,,,,
SNOTEL:562_MT_SNTL,,,,,,,,,,,,,,,,,,,,,
SNOTEL:563_OR_SNTL,,,,,,,,,,,,,,,,,,,,,
SNOTEL:564_CO_SNTL,,,,,,,,,,,,,,,,,,,,,
SNOTEL:565_CO_SNTL,,,,,,,,,,,,,,,,,,,,,
SNOTEL:566_UT_SNTL,,,,,,,,,,,,,,,,,,,,,
SNOTEL:568_MT_SNTL,,,,,,,,,,,,,,,,,,,,,
SNOTEL:569_NV_SNTL,,,,,,,,,,,,,,,,,,,,,
SNOTEL:570_NV_SNTL,,,,,,,,,,,,,,,,,,,,,
SNOTEL:571_WY_SNTL,,,,,,,,,,,,,,,,,,,,,
SNOTEL:572_UT_SNTL,,,,,,,,,,,,,,,,,,,,,
SNOTEL:575_CA_SNTL,,,,,,,,,,,,,,,,,,,,,
SNOTEL:576_MT_SNTL,,,,,,,,,,,,,,,,,,,,,
SNOTEL:577_WY_SNTL,,,,,,,,,,,,,,,,,,,,,
SNOTEL:579_UT_SNTL,,,,,,,,,,,,,,,,,,,,,
SNOTEL:580_CO_SNTL,,,,,,,,,,,,,,,,,,,,,
SNOTEL:582_UT_SNTL,,,,,,,,,,,,,,,,,,,,,
SNOTEL:583_UT_SNTL,,,,,,,,,,,,,,,,,,,,,
SNOTEL:585_WY_SNTL,,,,,,,,,,,,,,,,,,,,,
SNOTEL:587_CA_SNTL,,,,,,,,,,,,,,,,,,,,,
SNOTEL:588_ID_SNTL,,,,,,,,,,,,,,,,,,,,,
SNOTEL:589_CO_SNTL,,,,,,,,,,,,,,,,,,,,,
SNOTEL:590_MT_SNTL,,,,,,,,,,,,,,,,,,,,,
SNOTEL:591_WA_SNTL,,,,,,,,,,,,,,,,,,,,,
SNOTEL:592_UT_SNTL,,,,,,,,,,,,,,,,,,,,,
SNOTEL:593_UT_SNTL,,,,,,,,,,,,,,,,,,,,,
SNOTEL:596_UT_SNTL,,,,,,,,,,,,,,,,,,,,,
SNOTEL:597_WY_SNTL,,,,,,,,,,,,,,,,,,,,,
SNOTEL:598_WY_SNTL,,,,,,,,,,,,,,,,,,,,,
SNOTEL:600_ID_SNTL,,,,,,,,,,,,,,,,,,,,,
SNOTEL:603_MT_SNTL,,,,,,,,,,,,,,,,,,,,,
SNOTEL:604_MT_SNTL,,,,,,,,,,,,,,,,,,,,,
SNOTEL:605_OR_SNTL,,,,,,,,,,,,,,,,,,,,,
SNOTEL:606_WA_SNTL,,,,,,,,,,,,,,,,,,,,,
SNOTEL:607_CO_SNTL,,,,,,,,,,,,,,,,,,,,,
SNOTEL:610_ID_SNTL,,,,,,,,,,,,,,,,,,,,,
SNOTEL:611_SD_SNTL,,,,,,,,,,,,,,,,,,,,,
SNOTEL:612_UT_SNTL,,,,,,,,,,,,,,,,,,,,,
SNOTEL:613_MT_SNTL,,,,,,,,,,,,,,,,,,,,,
SNOTEL:614_OR_SNTL,,,,,,,,,,,,,,,,,,,,,
SNOTEL:615_NV_SNTL,,,,,,,,,,,,,,,,,,,,,
SNOTEL:616_WY_SNTL,,,,,,,,,,,,,,,,,,,,,
SNOTEL:617_AZ_SNTL,,,,,,,,,,,,,,,,,,,,,
SNOTEL:619_OR_SNTL,,,,,,,,,,,,,,,,,,,,,
SNOTEL:620_ID_SNTL,,,,,,,,,,,,,,,,,,,,,
SNOTEL:621_UT_SNTL,,,,,,,,,,,,,,,,,,,,,
SNOTEL:622_CO_SNTL,,,,,,,,,,,,,,,,,,,,,
SNOTEL:623_ID_SNTL,,,,,,,,,,,,,,,,,,,,,
SNOTEL:625_WY_SNTL,,,,,,,,,,,,,,,,,,,,,
SNOTEL:626_UT_SNTL,,,,,,,,,,,,,,,,,,,,,
SNOTEL:627_ID_SNTL,,,,,,,,,,,,,,,,,,,,,
SNOTEL:628_UT_SNTL,,,,,,,,,,,,,,,,,,,,,
SNOTEL:629_CO_SNTL,,,,,,,,,,,,,,,,,,,,,
SNOTEL:630_WA_SNTL,,,,,,,,,,,,,,,,,,,,,
SNOTEL:633_CA_SNTL,,,,,,,,,,,,,,,,,,,,,
SNOTEL:637_ID_SNTL,,,,,,,,,,,,,,,,,,,,,
SNOTEL:640_AZ_SNTL,,,,,,,,,,,,,,,,,,,,,
SNOTEL:642_WA_SNTL,,,,,,,,,,,,,,,,,,,,,
SNOTEL:643_UT_SNTL,,,,,,,,,,,,,,,,,,,,,
SNOTEL:644_WA_SNTL,,,,,,,,,,,,,,,,,,,,,
SNOTEL:645_ID_SNTL,,,,,,,,,,,,,,,,,,,,,
SNOTEL:646_MT_SNTL,,,,,,,,,,,,,,,,,,,,,
SNOTEL:647_OR_SNTL,,,,,,,,,,,,,,,,,,,,,
SNOTEL:648_WA_SNTL,,,,,,,,,,,,,,,,,,,,,
SNOTEL:649_MT_SNTL,,,,,,,,,,,,,,,,,,,,,
SNOTEL:650_ID_SNTL,,,,,,,,,,,,,,,,,,,,,
SNOTEL:651_OR_SNTL,,,,,,,,,,,,,,,,,,,,,
SNOTEL:652_NV_SNTL,,,,,,,,,,,,,,,,,,,,,
SNOTEL:654_ID_SNTL,,,,,,,,,,,,,,,,,,,,,
SNOTEL:655_OR_SNTL,,,,,,,,,,,,,,,,,,,,,
SNOTEL:657_MT_SNTL,,,,,,,,,,,,,,,,,,,,,
SNOTEL:658_CO_SNTL,,,,,,,,,,,,,,,,,,,,,
SNOTEL:659_MT_SNTL,,,,,,,,,,,,,,,,,,,,,
SNOTEL:661_WY_SNTL,,,,,,,,,,,,,,,,,,,,,
SNOTEL:662_MT_SNTL,,,,,,,,,,,,,,,,,,,,,
SNOTEL:663_CO_SNTL,,,,,,,,,,,,,,,,,,,,,
SNOTEL:664_MT_SNTL,,,,,,,,,,,,,,,,,,,,,
SNOTEL:665_NM_SNTL,,,,,,,,,,,,,,,,,,,,,
SNOTEL:666_OR_SNTL,,,,,,,,,,,,,,,,,,,,,
SNOTEL:667_MT_SNTL,,,,,,,,,,,,,,,,,,,,,
SNOTEL:669_CO_SNTL,,,,,,,,,,,,,,,,,,,,,
SNOTEL:670_MT_SNTL,,,,,,,,,,,,,,,,,,,,,
SNOTEL:671_OR_SNTL,,,,,,,,,,,,,,,,,,,,,
SNOTEL:672_WA_SNTL,,,,,,,,,,,,,,,,,,,,,
SNOTEL:673_WY_SNTL,,,,,,,,,,,,,,,,,,,,,
SNOTEL:676_WY_SNTL,,,,,,,,,,,,,,,,,,,,,
SNOTEL:677_ID_SNTL,,,,,,,,,,,,,,,,,,,,,
SNOTEL:678_NM_SNTL,,,,,,,,,,,,,,,,,,,,,
SNOTEL:680_CO_SNTL,,,,,,,,,,,,,,,,,,,,,
SNOTEL:681_WA_SNTL,,,,,,,,,,,,,,,,,,,,,
SNOTEL:682_CO_SNTL,,,,,,,,,,,,,,,,,,,,,
SNOTEL:683_WY_SNTL,,,,,,,,,,,,,,,,,,,,,
SNOTEL:684_UT_SNTL,,,,,,,,,,,,,,,,,,,,,
SNOTEL:685_CO_SNTL,,,,,,,,,,,,,,,,,,,,,
SNOTEL:686_UT_SNTL,,,,,,,,,,,,,,,,,,,,,
SNOTEL:689_WY_SNTL,,,,,,,,,,,,,,,,,,,,,
SNOTEL:690_MT_SNTL,,,,,,,,,,,,,,,,,,,,,
SNOTEL:691_UT_SNTL,,,,,,,,,,,,,,,,,,,,,
SNOTEL:693_MT_SNTL,,,,,,,,,,,,,,,,,,,,,
SNOTEL:694_UT_SNTL,,,,,,,,,,,,,,,,,,,,,
SNOTEL:696_MT_SNTL,,,,,,,,,,,,,,,,,,,,,
SNOTEL:698_NV_SNTL,,,,,,,,,,,,,,,,,,,,,
SNOTEL:699_WA_SNTL,,,,,,,,,,,,,,,,,,,,,
SNOTEL:700_MT_SNTL,,,,,,,,,,,,,,,,,,,,,
SNOTEL:702_WA_SNTL,,,,,,,,,,,,,,,,,,,,,
SNOTEL:704_ID_SNTL,,,,,,,,,,,,,,,,,,,,,
SNOTEL:706_OR_SNTL,,,,,,,,,,,,,,,,,,,,,
SNOTEL:708_NM_SNTL,,,,,,,,,,,,,,,,,,,,,
SNOTEL:709_CO_SNTL,,,,,,,,,,,,,,,,,,,,,
SNOTEL:710_OR_SNTL,,,,,,,,,,,,,,,,,,,,,
SNOTEL:712_OR_SNTL,,,,,,,,,,,,,,,,,,,,,
SNOTEL:713_CO_SNTL,,,,,,,,,,,,,,,,,,,,,
SNOTEL:714_UT_SNTL,,,,,,,,,,,,,,,,,,,,,
SNOTEL:715_NM_SNTL,,,,,,,,,,,,,,,,,,,,,
SNOTEL:717_CO_SNTL,,,,,,,,,,,,,,,,,,,,,
SNOTEL:718_CO_SNTL,,,,,,,,,,,,,,,,,,,,,
SNOTEL:720_UT_SNTL,,,,,,,,,,,,,,,,,,,,,
SNOTEL:723_UT_SNTL,,,,,,,,,,,,,,,,,,,,,
SNOTEL:724_CA_SNTL,,,,,,,,,,,,,,,,,,,,,
SNOTEL:726_OR_SNTL,,,,,,,,,,,,,,,,,,,,,
SNOTEL:727_MT_SNTL,,,,,,,,,,,,,,,,,,,,,
SNOTEL:728_WA_SNTL,,,,,,,,,,,,,,,,,,,,,
SNOTEL:729_OR_SNTL,,,,,,,,,,,,,,,,,,,,,
SNOTEL:730_WY_SNTL,,,,,,,,,,,,,,,,,,,,,
SNOTEL:731_WY_SNTL,,,,,,,,,,,,,,,,,,,,,
SNOTEL:732_WY_SNTL,,,,,,,,,,,,,,,,,,,,,
SNOTEL:733_OR_SNTL,,,,,,,,,,,,,,,,,,,,,
SNOTEL:734_WA_SNTL,,,,,,,,,,,,,,,,,,,,,
SNOTEL:735_ID_SNTL,,,,,,,,,,,,,,,,,,,,,
SNOTEL:736_OR_SNTL,,,,,,,,,,,,,,,,,,,,,
SNOTEL:738_ID_SNTL,,,,,,,,,,,,,,,,,,,,,
SNOTEL:739_CO_SNTL,,,,,,,,,,,,,,,,,,,,,
SNOTEL:741_ID_SNTL,,,,,,,,,,,,,,,,,,,,,
SNOTEL:742_UT_SNTL,,,,,,,,,,,,,,,,,,,,,
SNOTEL:743_OR_SNTL,,,,,,,,,,,,,,,,,,,,,
SNOTEL:744_NM_SNTL,,,,,,,,,,,,,,,,,,,,,
SNOTEL:745_OR_SNTL,,,,,,,,,,,,,,,,,,,,,
SNOTEL:746_NV_SNTL,,,,,,,,,,,,,,,,,,,,,
SNOTEL:747_ID_SNTL,,,,,,,,,,,,,,,,,,,,,
SNOTEL:748_WA_SNTL,,,,,,,,,,,,,,,,,,,,,
SNOTEL:749_ID_SNTL,,,,,,,,,,,,,,,,,,,,,
SNOTEL:751_WY_SNTL,,,,,,,,,,,,,,,,,,,,,
SNOTEL:752_ID_SNTL,,,,,,,,,,,,,,,,,,,,,
SNOTEL:754_MT_SNTL,,,,,,,,,,,,,,,,,,,,,
SNOTEL:755_NM_SNTL,,,,,,,,,,,,,,,,,,,,,
SNOTEL:756_OR_SNTL,,,,,,,,,,,,,,,,,,,,,
SNOTEL:757_NM_SNTL,,,,,,,,,,,,,,,,,,,,,
SNOTEL:758_MT_SNTL,,,,,,,,,,,,,,,,,,,,,
SNOTEL:761_ID_SNTL,,,,,,,,,,,,,,,,,,,,,
SNOTEL:762_CO_SNTL,,,,,,,,,,,,,,,,,,,,,
SNOTEL:763_UT_SNTL,,,,,,,,,,,,,,,,,,,,,
SNOTEL:764_WY_SNTL,,,,,,,,,,,,,,,,,,,,,
SNOTEL:765_WY_SNTL,,,,,,,,,,,,,,,,,,,,,
SNOTEL:767_OR_SNTL,,,,,,,,,,,,,,,,,,,,,
SNOTEL:770_ID_SNTL,,,,,,,,,,,,,,,,,,,,,
SNOTEL:771_CA_SNTL,,,,,,,,,,,,,,,,,,,,,
SNOTEL:773_CO_SNTL,,,,,,,,,,,,,,,,,,,,,
SNOTEL:777_WA_SNTL,,,,,,,,,,,,,,,,,,,,,
SNOTEL:778_CA_SNTL,,,,,,,,,,,,,,,,,,,,,
SNOTEL:779_WY_SNTL,,,,,,,,,,,,,,,,,,,,,
SNOTEL:780_CO_SNTL,,,,,,,,,,,,,,,,,,,,,
SNOTEL:781_MT_SNTL,,,,,,,,,,,,,,,,,,,,,
SNOTEL:782_ID_SNTL,,,,,,,,,,,,,,,,,,,,,
SNOTEL:784_CA_SNTL,,,,,,,,,,,,,,,,,,,,,
SNOTEL:786_WY_SNTL,,,,,,,,,,,,,,,,,,,,,
SNOTEL:787_MT_SNTL,,,,,,,,,,,,,,,,,,,,,
SNOTEL:790_UT_SNTL,,,,,,,,,,,,,,,,,,,,,
SNOTEL:791_WA_SNTL,,,,,,,,,,,,,,,,,,,,,
SNOTEL:792_ID_SNTL,,,,,,,,,,,,,,,,,,,,,
SNOTEL:793_CO_SNTL,,,,,,,,,,,,,,,,,,,,,
SNOTEL:794_OR_SNTL,,,,,,,,,,,,,,,,,,,,,
SNOTEL:795_UT_SNTL,,,,,,,,,,,,,,,,,,,,,
SNOTEL:797_CO_SNTL,,,,,,,,,,,,,,,,,,,,,
SNOTEL:798_WY_SNTL,,,,,,,,,,,,,,,,,,,,,
SNOTEL:799_AZ_SNTL,,,,,,,,,,,,,,,,,,,,,
SNOTEL:8011_WY_SNTL,,,,,,,,,,,,,,,,,,,,,
SNOTEL:801_OR_SNTL,,,,,,,,,,,,,,,,,,,,,
SNOTEL:803_ID_SNTL,,,,,,,,,,,,,,,,,,,,,
SNOTEL:804_WA_SNTL,,,,,,,,,,,,,,,,,,,,,
SNOTEL:805_ID_SNTL,,,,,,,,,,,,,,,,,,,,,
SNOTEL:806_WY_SNTL,,,,,,,,,,,,,,,,,,,,,
SNOTEL:8082_UT_SNTL,,,,,,,,,,,,,,,,,,,,,
SNOTEL:809_CA_SNTL,,,,,,,,,,,,,,,,,,,,,
SNOTEL:810_OR_SNTL,,,,,,,,,,,,,,,,,,,,,
SNOTEL:811_NV_SNTL,,,,,,,,,,,,,,,,,,,,,
SNOTEL:812_OR_SNTL,,,,,,,,,,,,,,,,,,,,,
SNOTEL:814_UT_SNTL,,,,,,,,,,,,,,,,,,,,,
SNOTEL:815_OR_SNTL,,,,,,,,,,,,,,,,,,,,,
SNOTEL:816_WY_SNTL,,,,,,,,,,,,,,,,,,,,,
SNOTEL:817_WA_SNTL,,,,,,,,,,,,,,,,,,,,,
SNOTEL:818_WY_SNTL,,,,,,,,,,,,,,,,,,,,,
SNOTEL:819_WY_SNTL,,,,,,,,,,,,,,,,,,,,,
SNOTEL:820_UT_SNTL,,,,,,,,,,,,,,,,,,,,,
SNOTEL:822_WY_SNTL,,,,,,,,,,,,,,,,,,,,,
SNOTEL:823_UT_SNTL,,,,,,,,,,,,,,,,,,,,,
SNOTEL:824_WA_SNTL,,,,,,,,,,,,,,,,,,,,,
SNOTEL:825_CO_SNTL,,,,,,,,,,,,,,,,,,,,,
SNOTEL:826_WY_SNTL,,,,,,,,,,,,,,,,,,,,,
SNOTEL:827_CO_SNTL,,,,,,,,,,,,,,,,,,,,,
SNOTEL:830_ID_SNTL,,,,,,,,,,,,,,,,,,,,,
SNOTEL:831_WY_SNTL,,,,,,,,,,,,,,,,,,,,,
SNOTEL:832_WA_SNTL,,,,,,,,,,,,,,,,,,,,,
SNOTEL:833_UT_SNTL,,,,,,,,,,,,,,,,,,,,,
SNOTEL:834_CA_SNTL,,,,,,,,,,,,,,,,,,,,,
SNOTEL:835_MT_SNTL,,,,,,,,,,,,,,,,,,,,,
SNOTEL:837_WY_SNTL,,,,,,,,,,,,,,,,,,,,,
SNOTEL:838_CO_SNTL,,,,,,,,,,,,,,,,,,,,,
SNOTEL:839_CO_SNTL,,,,,,,,,,,,,,,,,,,,,
SNOTEL:840_CO_SNTL,,,,,,,,,,,,,,,,,,,,,
SNOTEL:841_WA_SNTL,,,,,,,,,,,,,,,,,,,,,
SNOTEL:842_CO_SNTL,,,,,,,,,,,,,,,,,,,,,
SNOTEL:844_UT_SNTL,,,,,,,,,,,,,,,,,,,,,
SNOTEL:845_ID_SNTL,,,,,,,,,,,,,,,,,,,,,
SNOTEL:847_MT_SNTL,,,,,,,,,,,,,,,,,,,,,
SNOTEL:848_CA_SNTL,,,,,,,,,,,,,,,,,,,,,
SNOTEL:849_NV_SNTL,,,,,,,,,,,,,,,,,,,,,
SNOTEL:850_MT_SNTL,,,,,,,,,,,,,,,,,,,,,
SNOTEL:851_WY_SNTL,,,,,,,,,,,,,,,,,,,,,
SNOTEL:852_WY_SNTL,,,,,,,,,,,,,,,,,,,,,
SNOTEL:854_NM_SNTL,,,,,,,,,,,,,,,,,,,,,
SNOTEL:855_ID_SNTL,,,,,,,,,,,,,,,,,,,,,
SNOTEL:857_CO_SNTL,,,,,,,,,,,,,,,,,,,,,
SNOTEL:858_MT_SNTL,,,,,,,,,,,,,,,,,,,,,
SNOTEL:859_WY_SNTL,,,,,,,,,,,,,,,,,,,,,
SNOTEL:861_AZ_SNTL,,,,,,,,,,,,,,,,,,,,,
SNOTEL:862_MT_SNTL,,,,,,,,,,,,,,,,,,,,,
SNOTEL:863_WA_SNTL,,,,,,,,,,,,,,,,,,,,,
SNOTEL:864_UT_SNTL,,,,,,,,,,,,,,,,,,,,,
SNOTEL:865_UT_SNTL,,,,,,,,,,,,,,,,,,,,,
SNOTEL:868_WY_SNTL,,,,,,,,,,,,,,,,,,,,,
SNOTEL:869_CO_SNTL,,,,,,,,,,,,,,,,,,,,,
SNOTEL:871_ID_SNTL,,,,,,,,,,,,,,,,,,,,,
SNOTEL:872_WY_SNTL,,,,,,,,,,,,,,,,,,,,,
SNOTEL:873_OR_SNTL,,,,,,,,,,,,,,,,,,,,,
SNOTEL:874_CO_SNTL,,,,,,,,,,,,,,,,,,,,,
SNOTEL:876_MT_SNTL,,,,,,,,,,,,,,,,,,,,,
SNOTEL:877_AZ_SNTL,,,,,,,,,,,,,,,,,,,,,
SNOTEL:878_WY_SNTL,,,,,,,,,,,,,,,,,,,,,
SNOTEL:895_ID_SNTL,,,,,,,,,,,,,,,,,,,,,
SNOTEL:896_UT_SNTL,,,,,,,,,,,,,,,,,,,,,
SNOTEL:897_WA_SNTL,,,,,,,,,,,,,,,,,,,,,
SNOTEL:899_WA_SNTL,,,,,,,,,,,,,,,,,,,,,
SNOTEL:901_MT_SNTL,,,,,,,,,,,,,,,,,,,,,
SNOTEL:902_AZ_SNTL,,,,,,,,,,,,,,,,,,,,,
SNOTEL:904_CO_SNTL,,,,,,,,,,,,,,,,,,,,,
SNOTEL:905_CO_SNTL,,,,,,,,,,,,,,,,,,,,,
SNOTEL:906_UT_SNTL,,,,,,,,,,,,,,,,,,,,,
SNOTEL:907_UT_SNTL,,,,,,,,,,,,,,,,,,,,,
SNOTEL:909_WA_SNTL,,,,,,,,,,,,,,,,,,,,,
SNOTEL:911_WA_SNTL,,,,,,,,,,,,,,,,,,,,,
SNOTEL:912_WA_SNTL,,,,,,,,,,,,,,,,,,,,,
SNOTEL:913_CO_SNTL,,,,,,,,,,,,,,,,,,,,,
SNOTEL:915_ID_SNTL,,,,,,,,,,,,,,,,,,,,,
SNOTEL:917_MT_SNTL,,,,,,,,,,,,,,,,,,,,,
SNOTEL:918_MT_SNTL,,,,,,,,,,,,,,,,,,,,,
SNOTEL:919_MT_SNTL,,,,,,,,,,,,,,,,,,,,,
SNOTEL:920_SD_SNTL,,,,,,,,,,,,,,,,,,,,,
SNOTEL:921_NM_SNTL,,,,,,,,,,,,,,,,,,,,,
SNOTEL:922_NM_SNTL,,,,,,,,,,,,,,,,,,,,,
SNOTEL:923_WY_SNTL,,,,,,,,,,,,,,,,,,,,,
SNOTEL:924_MT_SNTL,,,,,,,,,,,,,,,,,,,,,
SNOTEL:925_OR_SNTL,,,,,,,,,,,,,,,,,,,,,
SNOTEL:926_ID_SNTL,,,,,,,,,,,,,,,,,,,,,
SNOTEL:927_AZ_SNTL,,,,,,,,,,,,,,,,,,,,,
SNOTEL:929_MT_SNTL,,,,,,,,,,,,,,,,,,,,,
SNOTEL:930_MT_SNTL,,,,,,,,,,,,,,,,,,,,,
SNOTEL:935_CO_SNTL,,,,,,,,,,,,,,,,,,,,,
SNOTEL:936_CO_SNTL,,,,,,,,,,,,,,,,,,,,,
SNOTEL:937_CO_SNTL,,,,,,,,,,,,,,,,,,,,,
SNOTEL:939_CO_SNTL,,,,,,,,,,,,,,,,,,,,,
SNOTEL:941_WA_SNTL,,,,,,,,,,,,,,,,,,,,,
SNOTEL:942_WA_SNTL,,,,,,,,,,,,,,,,,,,,,
SNOTEL:945_OR_SNTL,,,,,,,,,,,,,,,,,,,,,
SNOTEL:972_UT_SNTL,,,,,,,,,,,,,,,,,,,,,
SNOTEL:974_WA_SNTL,,,,,,,,,,,,,,,,,,,,,
SNOTEL:975_WA_SNTL,,,,,,,,,,,,,,,,,,,,,
SNOTEL:976_OR_SNTL,,,,,,,,,,,,,,,,,,,,,
SNOTEL:978_ID_SNTL,,,,,,,,,,,,,,,,,,,,,
SNOTEL:981_MT_SNTL,,,,,,,,,,,,,,,,,,,,,
SNOTEL:982_WY_SNTL,,,,,,,,,,,,,,,,,,,,,
SNOTEL:984_WA_SNTL,,,,,,,,,,,,,,,,,,,,,
SNOTEL:988_ID_SNTL,,,,,,,,,,,,,,,,,,,,,
SNOTEL:989_ID_SNTL,,,,,,,,,,,,,,,,,,,,,
SNOTEL:990_WA_SNTL,,,,,,,,,,,,,,,,,,,,,
SNOTEL:991_WA_SNTL,,,,,,,,,,,,,,,,,,,,,
SNOTEL:992_UT_SNTL,,,,,,,,,,,,,,,,,,,,,
SNOTEL:994_WA_SNTL,,,,,,,,,,,,,,,,,,,,,
SNOTEL:995_WA_SNTL,,,,,,,,,,,,,,,,,,,,,
SNOTEL:996_WA_SNTL,,,,,,,,,,,,,,,,,,,,,
SNOTEL:998_WA_SNTL,,,,,,,,,,,,,,,,,,,,,
SNOTEL:999_WA_SNTL,,,,,,,,,,,,,,,,,,,,,
