,2022-01-13,2022-01-20,2022-01-27,2022-02-03,2022-02-10,2022-02-17,2022-02-24,2022-03-03,2022-03-10,2022-03-17,2022-03-24,2022-03-31,2022-04-07,2022-04-14,2022-04-21,2022-04-28,2022-05-05,2022-05-12,2022-05-19,2022-05-26,2022-06-02,2022-06-09,2022-06-16,2022-06-23,2022-06-30
CDEC:ADM,9.9,9.9,9.9,9.7,9.7,9.6,10.0,9.8,10.6,11.1,8.2,4.0,0.0,1.2,,,,,,,,,,,
CDEC:AGP,,,,,,,,,,,,,,,,,,,,,,,,,
CDEC:ALP,19.5,19.2,18.4,17.0,14.1,11.2,10.8,11.6,11.2,9.3,4.0,0.3,0.1,1.4,,,,,,,,,,,
CDEC:BCB,21.4,20.9,19.0,18.7,19.2,19.2,19.5,19.9,19.9,20.0,19.6,19.8,18.1,16.5,,,,,,,,,,,
CDEC:BCH,6.8,6.5,7.3,5.6,1.8,1.3,1.1,0.6,0.6,0.2,0.2,0.2,0.4,0.1,,,,,,,,,,,
CDEC:BFL,9.4,9.4,9.4,9.2,9.4,9.8,10.1,10.2,10.8,10.3,8.4,4.3,0.7,1.4,,,,,,,,,,,
CDEC:BGP,11.9,11.9,11.9,12.7,12.8,12.9,12.8,13.0,12.9,12.6,11.9,9.8,6.5,3.9,,,,,,,,,,,
CDEC:BIM,25.0,25.8,25.2,25.6,25.9,25.4,25.4,25.5,30.4,28.1,23.8,19.6,4.7,0.0,,,,,,,,,,,
CDEC:BKL,44.6,45.2,45.4,45.5,45.4,41.5,41.2,40.3,36.8,30.4,2.0,,,,,,,,,,,,,,
CDEC:BLA,6.7,6.6,6.7,5.5,6.6,6.1,4.8,5.4,7.8,10.7,9.5,6.6,3.4,0.0,,,,,,,,,,,
CDEC:BLC,16.8,16.2,16.3,16.2,15.2,14.5,14.6,12.8,12.4,8.8,5.3,1.5,0.0,0.9,,,,,,,,,,,
CDEC:BLD,17.8,17.9,18.1,18.0,17.9,17.6,18.2,17.9,18.4,19.0,18.0,15.5,11.2,8.4,,,,,,,,,,,
CDEC:BLK,16.5,16.6,16.7,16.7,16.8,16.6,17.2,18.7,18.3,18.2,16.9,15.2,,12.5,,,,,,,,,,,
CDEC:BLS,17.0,17.2,16.9,16.7,16.7,16.4,16.7,16.8,16.8,16.9,16.6,14.4,11.9,10.6,,,,,,,,,,,
CDEC:BMW,15.4,15.2,15.1,15.3,15.4,15.7,16.6,16.4,17.4,18.6,17.9,16.3,13.8,12.2,,,,,,,,,,,
CDEC:BNK,14.9,15.1,14.9,14.5,14.9,13.9,12.2,14.8,14.6,15.6,11.8,7.8,5.2,1.6,,,,,,,,,,,
CDEC:BSK,16.4,15.8,15.7,15.4,15.6,16.2,15.9,16.7,15.6,16.0,14.5,12.0,7.6,5.7,,,,,,,,,,,
CDEC:CDP,9.2,9.2,9.1,9.0,9.1,9.8,10.6,10.8,12.0,12.2,10.9,8.6,6.4,5.9,,,,,,,,,,,
CDEC:CHM,21.1,21.2,21.2,21.5,21.2,20.4,21.1,22.6,23.6,22.2,19.8,17.6,14.4,10.1,,,,,,,,,,,
CDEC:CHP,9.2,8.9,8.7,8.6,8.4,8.4,8.0,8.5,8.6,8.1,7.0,5.8,2.2,0.0,,,,,,,,,,,
CDEC:CRL,20.0,20.8,21.2,20.7,18.7,21.0,20.9,20.4,21.2,23.5,21.7,21.9,19.1,17.0,,,,,,,,,,,
CDEC:CSL,27.6,27.8,27.6,27.4,26.6,25.7,26.2,25.2,25.7,24.6,20.4,15.4,9.1,6.2,,,,,,,,,,,
CDEC:CSV,11.3,11.2,11.2,11.1,11.0,11.0,11.4,11.7,12.2,12.0,10.0,7.6,2.9,1.5,,,,,,,,,,,
CDEC:CWD,15.3,8.6,8.4,8.4,8.4,8.6,8.5,8.7,8.8,7.2,4.6,2.0,3.0,2.0,,,,,,,,,,,
CDEC:CWF,2.7,3.0,2.4,3.2,2.6,0.4,0.0,0.1,0.0,0.0,0.0,0.0,0.0,0.4,,,,,,,,,,,
CDEC:CXS,17.6,17.4,17.3,17.2,17.2,16.7,17.3,17.6,17.6,16.6,15.4,13.5,9.6,7.2,,,,,,,,,,,
CDEC:DAN,17.3,16.4,16.0,16.2,16.1,13.9,15.3,17.4,14.2,10.6,16.1,14.2,11.3,6.7,,,,,,,,,,,
CDEC:DDM,13.2,13.0,13.1,13.0,13.1,12.7,12.4,13.6,13.5,14.0,14.9,14.1,11.6,9.6,,,,,,,,,,,
CDEC:DPO,20.6,20.8,20.4,20.2,20.0,18.4,21.5,19.3,20.5,16.1,10.4,5.1,2.3,2.9,,,,,,,,,,,
CDEC:DSS,18.4,18.4,18.3,18.2,18.8,19.2,19.4,20.4,20.6,21.0,20.0,17.3,16.0,17.8,,,,,,,,,,,
CDEC:EBB,17.2,17.3,17.4,17.3,16.8,17.9,18.1,18.9,19.6,20.1,18.3,16.4,12.6,10.5,,,,,,,,,,,
CDEC:EP5,28.5,27.4,27.9,28.1,28.3,26.4,29.4,28.0,28.5,27.2,24.3,19.4,14.2,11.8,,,,,,,,,,,
CDEC:FDC,21.1,21.0,21.0,20.9,20.7,20.5,21.4,23.2,22.8,20.7,20.2,18.5,16.2,14.8,,,,,,,,,,,
CDEC:FLL,9.0,8.7,8.5,8.2,8.1,7.6,7.2,7.3,6.4,4.6,1.1,,,0.2,,,,,,,,,,,
CDEC:FRN,,,,,,,,,,,,,0.0,0.8,,,,,,,,,,,
CDEC:FRW,,,,,,,0.0,0.1,0.1,0.1,1.9,1.4,2.5,1.1,,,,,,,,,,,
CDEC:GEM,23.7,24.0,23.8,23.4,23.6,22.3,22.9,24.8,24.4,23.2,19.2,22.4,23.5,21.5,,,,,,,,,,,
CDEC:GIN,15.1,14.0,12.7,12.1,13.7,14.2,13.6,10.4,13.6,13.6,11.2,8.2,4.0,0.4,,,,,,,,,,,
CDEC:GKS,15.7,15.7,15.8,16.0,16.6,15.5,16.0,16.3,16.2,14.2,11.5,7.6,2.0,1.6,,,,,,,,,,,
CDEC:GNF,8.4,8.4,8.2,6.6,5.0,3.2,3.0,2.1,1.7,0.6,0.0,0.0,,0.0,,,,,,,,,,,
CDEC:GNL,20.4,20.6,20.8,20.8,20.6,21.0,20.9,21.7,23.2,24.5,22.8,20.5,16.7,14.6,,,,,,,,,,,
CDEC:GRM,0.8,0.8,0.8,0.8,0.8,0.9,0.9,0.9,0.8,0.9,0.8,0.6,0.3,0.6,,,,,,,,,,,
CDEC:GRV,15.4,15.4,15.4,20.6,19.7,18.6,24.5,25.2,33.1,30.0,26.6,22.8,20.3,39.5,,,,,,,,,,,
CDEC:GRZ,19.3,,19.2,19.2,19.3,19.1,18.7,19.1,19.3,19.1,15.0,9.6,2.9,1.0,,,,,,,,,,,
CDEC:HGM,13.9,13.6,13.8,13.1,13.4,13.3,15.9,14.7,14.8,,,,0.0,0.2,,,,,,,,,,,
CDEC:HIG,14.2,14.0,13.2,13.2,11.4,9.5,8.3,8.8,6.7,5.8,1.8,0.5,0.5,1.6,,,,,,,,,,,
CDEC:HMB,22.2,22.3,23.0,22.9,23.7,22.8,22.8,21.7,23.1,20.6,12.7,3.5,1.1,2.5,,,,,,,,,,,
CDEC:HNT,12.6,12.8,12.8,12.7,12.6,13.0,13.0,13.3,14.4,13.8,11.3,9.1,4.3,1.2,,,,,,,,,,,
CDEC:HOR,14.4,14.0,13.8,13.4,13.5,13.2,13.9,13.1,13.1,12.8,10.5,8.1,4.3,2.8,,,,,,,,,,,
CDEC:HRK,17.0,16.9,16.8,16.6,16.5,16.1,15.4,14.8,15.1,12.8,7.0,1.0,0.2,1.5,,,,,,,,,,,
CDEC:HRS,,,,,,,,,,,,,,,,,,,,,,,,,
CDEC:HVN,16.4,16.3,16.2,15.9,16.3,16.0,16.2,17.6,17.8,16.8,14.4,11.2,7.0,5.4,,,,,,,,,,,
CDEC:HYS,20.0,19.9,19.9,19.8,19.6,19.3,19.6,19.6,19.9,20.2,19.7,17.0,14.8,13.2,,,,,,,,,,,
CDEC:IDC,18.4,18.0,17.6,17.7,18.0,17.7,18.9,18.6,19.1,18.4,15.1,10.6,3.6,0.7,,,,,,,,,,,
CDEC:IDP,33.2,33.2,33.2,33.3,33.6,33.4,34.2,35.6,35.5,36.4,37.8,35.1,33.9,33.1,,,,,,,,,,,
CDEC:INN,10.2,10.1,10.0,10.0,9.9,10.4,10.3,10.6,10.2,9.7,8.0,5.1,0.5,0.0,,,,,,,,,,,
CDEC:KTL,4.5,,4.4,4.4,4.3,4.2,3.9,3.9,4.0,4.0,3.6,2.9,2.8,2.8,,,,,,,,,,,
CDEC:LBD,9.8,9.6,9.5,9.1,9.2,9.3,9.4,9.5,9.8,9.9,9.5,8.5,5.9,4.2,,,,,,,,,,,
CDEC:LLP,,,,54.5,,51.6,48.9,45.2,44.9,46.5,46.6,,,,,,,,,,,,,,
CDEC:LVM,8.3,8.5,8.5,8.2,8.9,11.0,11.2,9.0,6.9,5.7,2.6,0.0,0.0,,,,,,,,,,,,
CDEC:LVT,37.2,36.5,36.4,36.3,36.9,37.1,37.3,37.4,38.3,38.6,41.4,40.7,39.8,39.0,,,,,,,,,,,
CDEC:MDW,33.0,33.0,32.9,32.4,30.7,30.9,32.2,31.5,33.9,34.6,32.7,29.8,23.7,24.1,,,,,,,,,,,
CDEC:MED,13.6,13.6,13.1,13.4,13.6,13.1,12.8,12.6,14.2,14.8,12.0,7.8,6.1,4.2,,,,,,,,,,,
CDEC:MHP,20.9,21.0,21.1,28.8,28.8,29.0,28.8,29.3,29.6,29.9,30.1,29.3,25.1,23.6,,,,,,,,,,,
CDEC:MNT,10.9,10.9,10.8,10.6,10.7,11.1,11.2,12.6,12.7,11.8,10.4,8.6,4.3,0.5,,,,,,,,,,,
CDEC:MRL,15.2,15.4,15.5,15.5,15.7,15.7,16.1,16.5,16.6,17.6,17.7,16.0,13.5,11.1,,,,,,,,,,,
CDEC:MSK,27.3,27.0,26.7,26.7,26.9,27.0,27.5,27.8,28.0,27.9,26.4,25.2,22.6,21.7,,,,,,,,,,,
CDEC:MTM,19.5,19.5,19.5,22.1,22.1,22.1,22.2,22.7,23.3,23.3,21.2,23.7,,19.7,,,,,,,,,,,
CDEC:PDS,19.3,19.1,18.9,18.6,18.7,19.7,20.6,20.4,21.4,21.0,19.3,16.9,12.2,8.3,,,,,,,,,,,
CDEC:PET,11.2,11.0,10.9,10.2,9.5,8.8,7.8,7.4,9.5,8.0,4.2,0.8,0.8,1.6,,,,,,,,,,,
CDEC:PSC,15.2,14.3,14.1,13.8,13.8,14.1,14.9,17.8,20.9,20.1,16.4,13.1,,2.2,,,,,,,,,,,
CDEC:PSN,12.9,13.0,13.3,13.5,13.5,14.1,14.3,15.1,14.9,13.6,12.6,11.6,9.7,10.2,,,,,,,,,,,
CDEC:QUA,12.2,12.1,11.9,11.4,11.8,11.0,9.7,9.4,10.3,7.4,3.4,1.6,1.4,1.3,,,,,,,,,,,
CDEC:RBP,14.4,14.3,14.2,13.9,13.0,12.7,15.0,16.1,15.4,12.8,6.7,0.0,0.0,,,,,,,,,,,,
CDEC:RCC,28.3,28.2,27.6,27.5,26.7,26.4,27.3,26.1,27.5,25.6,21.8,17.9,12.3,10.2,,,,,,,,,,,
CDEC:RCK,9.6,9.5,9.4,10.2,10.3,10.5,10.3,9.8,10.1,9.5,6.8,4.2,0.0,,,,,,,,,,,,
CDEC:RP2,18.3,18.3,18.3,18.1,18.2,18.3,19.0,19.3,20.4,19.7,17.7,14.8,11.6,11.4,,,,,,,,,,,
CDEC:RRM,14.4,14.6,15.2,14.9,14.1,13.1,13.0,12.8,13.1,12.0,8.0,3.0,,0.0,,,,,,,,,,,
CDEC:RTL,,,13.2,12.6,11.0,8.6,7.6,4.3,3.1,0.0,0.0,0.0,0.0,0.0,,,,,,,,,,,
CDEC:SCN,,,,,,,,,,,,,,,,,,,,,,,,,
CDEC:SCT,4.2,3.8,3.5,3.2,3.1,1.3,0.4,0.6,1.1,0.4,0.4,0.2,0.4,0.2,,,,,,,,,,,
CDEC:SDF,,,0.0,10.9,11.0,11.9,11.8,11.9,13.0,10.7,7.0,1.1,1.0,1.3,,,,,,,,,,,
CDEC:SDW,12.1,11.9,11.8,11.7,11.7,11.9,12.1,12.3,12.7,13.4,13.0,11.0,8.3,7.2,,,,,,,,,,,
CDEC:SHM,9.7,10.6,10.3,11.4,10.6,8.3,6.5,7.8,4.3,6.6,3.8,,,,,,,,,,,,,,
CDEC:SIL,16.7,16.1,15.3,15.0,15.4,15.0,15.3,15.5,16.1,15.3,13.0,8.8,2.2,1.3,,,,,,,,,,,
CDEC:SLM,17.4,17.4,17.6,17.4,18.2,18.3,20.2,18.4,19.7,19.2,18.1,16.7,15.2,16.1,,,,,,,,,,,
CDEC:SLT,3.0,3.0,3.0,3.0,3.0,3.0,3.0,3.0,3.0,3.0,3.0,3.0,3.0,3.0,,,,,,,,,,,
CDEC:SPS,12.6,11.9,11.5,11.5,11.7,11.5,11.6,12.0,12.4,12.5,13.0,13.5,12.7,11.6,,,,,,,,,,,
CDEC:SPT,5.5,5.7,5.4,5.0,5.2,4.2,2.7,0.2,0.0,,,,,,,,,,,,,,,,
CDEC:SQV,21.4,21.0,21.0,21.2,20.8,19.8,20.2,21.1,21.6,23.2,20.3,15.3,11.4,8.8,,,,,,,,,,,
CDEC:SSM,56.4,56.5,55.4,,53.0,,,,,,,52.0,46.8,43.4,,,,,,,,,,,
CDEC:SWM,8.0,,10.7,10.6,11.0,11.4,11.0,10.1,10.2,10.6,10.8,10.9,7.6,5.9,,,,,,,,,,,
CDEC:TCC,11.6,11.3,11.5,11.2,10.3,9.0,9.4,6.4,4.8,3.2,0.3,0.2,0.0,0.8,,,,,,,,,,,
CDEC:TK2,14.0,13.7,13.6,13.5,14.0,13.6,14.2,14.6,14.3,13.0,10.3,6.3,0.8,0.2,,,,,,,,,,,
CDEC:TMR,12.5,12.4,12.2,12.1,11.6,11.3,11.8,13.9,13.7,15.5,6.0,0.5,0.2,0.8,,,,,,,,,,,
CDEC:TNY,18.7,18.2,17.8,17.5,17.7,18.0,17.9,18.2,18.5,18.8,17.6,15.7,11.9,8.7,,,,,,,,,,,
CDEC:TUM,14.1,14.3,14.3,14.1,14.2,12.5,11.1,10.3,8.1,10.4,7.3,4.4,0.2,0.2,,,,,,,,,,,
CDEC:UBC,14.7,15.4,15.7,15.8,16.0,15.4,15.3,16.7,16.9,16.6,16.6,15.3,11.7,9.1,,,,,,,,,,,
CDEC:UTY,8.2,8.2,8.1,11.6,11.5,11.4,11.4,11.4,11.6,11.6,11.6,9.3,,6.1,,,,,,,,,,,
CDEC:VLC,,,,,,,,,,,,,,,,,,,,,,,,,
CDEC:VRG,10.6,10.4,10.4,10.4,10.2,10.2,10.0,10.1,10.1,10.1,10.3,10.7,9.6,9.2,,,,,,,,,,,
CDEC:VVL,24.2,24.2,24.2,24.3,24.1,22.7,24.3,24.3,25.1,23.6,22.1,19.1,13.8,12.1,,,,,,,,,,,
CDEC:WC3,22.4,21.8,21.8,21.6,22.5,22.6,24.1,24.6,24.9,24.1,22.2,18.8,13.9,12.9,,,,,,,,,,,
CDEC:WHW,,,,,,,,,,,,,,,,,,,,,,,,,
CDEC:WTM,11.6,11.6,10.9,10.1,9.6,6.0,5.8,5.2,3.6,0.3,0.2,0.2,,0.2,,,,,,,,,,,
CDEC:WWC,16.1,16.5,16.3,13.8,13.8,13.0,9.3,10.3,17.3,19.1,16.0,12.1,,4.5,,,,,,,,,,,
SNOTEL:1000_OR_SNTL,15.9,16.1,16.0,16.4,16.6,16.6,17.0,17.4,17.3,19.5,19.8,19.0,20.2,24.1,,,,,,,,,,,
SNOTEL:1004_WA_SNTL,,,,,,,,,,,,,,,,,,,,,,,,,
SNOTEL:1005_CO_SNTL,2.8,3.1,3.9,6.5,6.5,6.6,7.3,7.5,8.5,9.0,10.1,10.0,11.3,11.6,,,,,,,,,,,
SNOTEL:1007_OR_SNTL,,,,,,,,,,,,,,,,,,,,,,,,,
SNOTEL:1009_MT_SNTL,3.8,3.9,5.2,5.6,5.9,6.0,6.3,6.5,7.1,7.5,7.7,6.8,6.3,7.2,,,,,,,,,,,
SNOTEL:1010_OR_SNTL,9.6,9.5,9.9,8.7,9.2,8.8,8.7,6.5,5.7,2.3,0.5,0.0,0.0,1.8,,,,,,,,,,,
SNOTEL:1011_WA_SNTL,26.4,24.9,24.9,28.0,30.6,31.2,34.5,39.2,39.0,43.0,48.9,46.1,53.7,56.8,,,,,,,,,,,
SNOTEL:1012_WA_SNTL,45.5,45.1,44.1,46.0,47.0,48.2,50.3,51.6,52.4,58.8,62.8,61.7,66.2,72.2,,,,,,,,,,,
SNOTEL:1013_UT_SNTL,8.7,8.7,9.0,9.0,9.0,9.1,9.2,9.4,11.1,11.8,11.7,10.2,9.7,9.3,,,,,,,,,,,
SNOTEL:1014_CO_SNTL,5.3,5.5,5.8,6.2,6.4,6.8,7.3,7.6,8.1,8.9,9.2,8.8,9.2,9.3,,,,,,,,,,,
SNOTEL:1015_WY_SNTL,5.4,5.5,6.1,6.2,6.3,6.8,8.8,9.1,11.1,11.5,11.5,11.2,11.3,9.9,,,,,,,,,,,
SNOTEL:1016_ID_SNTL,6.0,6.0,6.6,6.6,6.6,6.7,7.1,6.6,6.6,5.7,3.7,0.4,0.0,0.3,,,,,,,,,,,
SNOTEL:1017_NM_SNTL,5.8,5.8,6.0,7.3,7.4,7.4,8.3,8.4,8.7,8.8,9.3,7.4,4.8,1.9,,,,,,,,,,,
SNOTEL:1018_OR_SNTL,,,,,,,,,,,,,,,,,,,,,,,,,
SNOTEL:1019_OR_SNTL,,,,,,,,,,,,,,,,,,,,,,,,,
SNOTEL:1020_OR_SNTL,,,,,,,,,,,,,,,,,,,,,,,,,
SNOTEL:1021_OR_SNTL,,,,,,,,,,,,,,,,,,,,,,,,,
SNOTEL:1022_OR_SNTL,,,,,,,,,,,,,,,,,,,,,,,,,
SNOTEL:1023_OR_SNTL,,,,,,,,,,,,,,,,,,,,,,,,,
SNOTEL:1024_OR_SNTL,,,,,,,,,,,,,,,,,,,,,,,,,
SNOTEL:1025_OR_SNTL,,,,,,,,,,,,,,,,,,,,,,,,,
SNOTEL:1027_OR_SNTL,,,,,,,,,,,,,,,,,,,,,,,,,
SNOTEL:1028_OR_SNTL,,,,,,,,,,,,,,,,,,,,,,,,,
SNOTEL:1029_OR_SNTL,,,,,,,,,,,,,,,,,,,,,,,,,
SNOTEL:1030_CO_SNTL,14.4,14.4,14.7,14.8,15.1,15.5,16.4,16.6,17.7,18.3,18.6,19.0,19.1,20.9,,,,,,,,,,,
SNOTEL:1031_CO_SNTL,14.0,14.3,14.7,15.1,15.1,15.8,16.6,16.7,18.1,18.7,19.8,20.4,20.9,23.0,,,,,,,,,,,
SNOTEL:1032_CO_SNTL,6.7,6.9,7.1,7.1,7.5,7.6,8.1,8.3,9.2,9.9,10.3,9.5,9.4,10.9,,,,,,,,,,,
SNOTEL:1033_CO_SNTL,17.6,17.5,18.0,17.8,18.0,18.6,19.6,19.9,21.7,22.7,23.0,20.8,21.3,21.5,,,,,,,,,,,
SNOTEL:1034_NM_SNTL,0.4,0.6,0.7,1.3,1.3,1.1,1.0,0.4,0.0,0.2,1.1,0.6,0.1,0.1,,,,,,,,,,,
SNOTEL:1038_ID_SNTL,,,,,,,,,,,,,,,,,,,,,,,,,
SNOTEL:1039_UT_SNTL,7.4,7.4,7.6,7.7,7.7,7.9,8.7,8.8,10.9,11.1,11.7,9.2,7.4,5.4,,,,,,,,,,,
SNOTEL:1040_CO_SNTL,7.8,8.0,8.6,9.0,9.1,9.5,10.5,11.1,13.0,14.2,14.6,14.2,15.0,16.3,,,,,,,,,,,
SNOTEL:1043_WA_SNTL,6.1,6.3,6.4,6.4,6.9,7.1,7.3,7.9,8.0,8.6,8.7,7.3,7.1,7.3,,,,,,,,,,,
SNOTEL:1044_OR_SNTL,6.6,6.0,5.7,6.3,6.3,6.9,6.2,5.2,4.8,3.4,0.2,0.0,0.0,1.9,,,,,,,,,,,
SNOTEL:1045_WY_SNTL,2.6,2.5,3.0,3.0,3.3,3.7,4.0,3.9,4.9,5.1,5.3,4.4,4.6,4.1,,,,,,,,,,,
SNOTEL:1046_WY_SNTL,12.3,12.4,12.9,13.1,13.4,13.8,14.6,14.8,16.1,16.6,16.9,16.9,17.2,17.4,,,,,,,,,,,
SNOTEL:1048_NM_SNTL,2.5,2.3,2.3,1.9,1.0,0.0,0.0,0.0,0.0,0.0,0.0,0.0,0.0,0.0,,,,,,,,,,,
SNOTEL:1050_CA_SNTL,14.4,14.2,13.8,13.5,13.5,13.4,13.6,13.1,13.0,12.7,10.3,7.9,4.3,2.7,,,,,,,,,,,
SNOTEL:1051_CA_SNTL,16.3,15.9,15.8,15.8,15.8,15.9,16.5,16.2,16.0,15.9,14.3,11.7,7.5,5.6,,,,,,,,,,,
SNOTEL:1052_CA_SNTL,12.0,11.9,11.8,11.8,11.8,12.0,12.4,12.4,12.6,13.1,12.9,11.0,8.2,7.1,,,,,,,,,,,
SNOTEL:1053_ID_SNTL,7.1,7.1,7.3,7.5,7.6,7.5,7.4,8.2,8.1,7.4,5.7,0.8,0.0,0.0,,,,,,,,,,,
SNOTEL:1054_UT_SNTL,9.4,9.4,9.9,10.0,10.0,10.4,10.8,10.2,12.5,12.8,12.3,8.4,6.4,5.5,,,,,,,,,,,
SNOTEL:1058_CO_SNTL,1.1,1.1,1.3,2.2,2.2,1.6,3.4,2.9,3.4,3.6,4.3,3.5,1.7,0.9,,,,,,,,,,,
SNOTEL:1061_CO_SNTL,5.5,5.6,5.9,5.9,6.1,6.2,7.0,7.1,7.7,8.1,8.1,8.5,8.8,9.4,,,,,,,,,,,
SNOTEL:1065_UT_SNTL,10.9,10.8,10.8,10.7,10.7,10.6,11.3,11.3,12.2,10.6,8.8,3.5,0.0,0.0,,,,,,,,,,,
SNOTEL:1066_UT_SNTL,8.0,8.0,8.0,8.0,8.0,8.2,9.3,9.3,9.6,9.4,7.9,4.7,0.5,0.0,,,,,,,,,,,
SNOTEL:1067_CA_SNTL,17.6,17.4,17.3,17.3,17.2,16.7,17.4,17.4,17.6,16.6,15.4,13.3,9.6,7.3,,,,,,,,,,,
SNOTEL:1068_WA_SNTL,19.7,19.5,19.0,20.2,20.9,20.7,26.2,26.9,27.6,30.3,31.5,27.4,30.5,33.1,,,,,,,,,,,
SNOTEL:1077_OR_SNTL,12.0,11.7,11.3,11.0,11.0,11.2,11.8,11.2,10.7,11.1,9.2,6.1,4.2,4.0,,,,,,,,,,,
SNOTEL:1079_OR_SNTL,21.9,22.0,22.4,23.6,23.3,24.7,27.8,29.4,29.9,31.4,32.6,30.2,31.2,33.0,,,,,,,,,,,
SNOTEL:1082_WY_SNTL,21.9,22.0,22.9,22.5,22.3,23.0,23.5,23.8,25.0,26.7,28.1,28.5,29.2,31.1,,,,,,,,,,,
SNOTEL:1084_OR_SNTL,0.0,0.0,0.0,0.0,0.0,0.0,0.0,0.0,0.0,0.0,0.0,0.0,0.0,0.0,,,,,,,,,,,
SNOTEL:1085_WA_SNTL,38.6,36.5,35.6,36.3,37.5,36.9,38.8,42.7,43.3,47.0,48.3,46.6,49.9,52.3,,,,,,,,,,,
SNOTEL:1098_UT_SNTL,16.4,16.4,16.6,16.6,16.6,16.7,16.8,17.0,19.2,20.1,20.1,20.2,21.5,23.6,,,,,,,,,,,
SNOTEL:1099_UT_SNTL,6.2,6.2,6.2,6.2,6.4,6.4,7.5,7.7,7.9,8.2,8.4,8.6,8.7,8.9,,,,,,,,,,,
SNOTEL:1100_CO_SNTL,7.2,7.1,7.6,7.9,8.0,8.2,9.1,9.1,10.4,10.6,11.0,11.0,11.5,10.8,,,,,,,,,,,
SNOTEL:1101_CO_SNTL,10.2,10.2,10.7,10.9,10.9,11.2,12.5,12.6,13.4,14.0,14.2,14.2,15.1,15.5,,,,,,,,,,,
SNOTEL:1104_WA_SNTL,10.6,10.2,8.1,9.6,10.1,9.9,8.8,9.1,8.5,7.2,5.5,1.7,0.0,1.7,,,,,,,,,,,
SNOTEL:1105_MT_SNTL,2.9,2.7,3.0,3.1,3.4,3.8,4.3,4.6,4.3,4.6,4.9,4.4,5.2,5.3,,,,,,,,,,,
SNOTEL:1107_WA_SNTL,31.3,31.2,31.8,32.6,31.9,32.6,32.7,38.2,39.2,42.4,44.6,43.1,49.9,51.0,,,,,,,,,,,
SNOTEL:1109_WA_SNTL,7.1,5.2,3.6,4.2,2.7,1.3,1.8,0.0,0.0,0.0,0.0,0.0,0.1,2.8,,,,,,,,,,,
SNOTEL:1110_NV_SNTL,10.2,10.0,9.3,8.4,8.2,7.5,7.7,6.0,6.3,3.6,0.9,0.0,0.0,0.0,,,,,,,,,,,
SNOTEL:1111_NV_SNTL,9.6,9.8,9.6,9.6,9.6,9.6,10.1,10.1,11.0,9.3,5.9,2.9,0.0,0.0,,,,,,,,,,,
SNOTEL:1113_UT_SNTL,8.5,8.5,8.7,8.7,8.7,8.8,8.9,9.0,10.3,10.6,9.3,4.6,2.4,1.2,,,,,,,,,,,
SNOTEL:1114_UT_SNTL,11.4,11.4,11.6,11.6,11.6,11.7,11.9,12.4,13.7,14.5,14.5,14.0,14.8,14.9,,,,,,,,,,,
SNOTEL:1115_UT_SNTL,11.6,11.6,12.0,12.0,12.0,12.2,12.4,12.4,14.6,14.9,14.9,12.5,12.0,12.5,,,,,,,,,,,
SNOTEL:1119_WY_SNTL,19.5,19.9,20.4,20.6,20.9,21.4,22.6,22.9,25.1,25.9,26.5,26.5,26.8,28.4,,,,,,,,,,,
SNOTEL:1120_CO_SNTL,15.2,15.6,16.1,16.2,16.3,16.8,18.1,18.8,19.9,21.2,21.3,21.9,22.3,23.9,,,,,,,,,,,
SNOTEL:1121_AZ_SNTL,1.9,1.0,0.5,0.4,0.0,0.7,1.1,0.5,1.1,0.4,0.1,0.1,0.0,0.0,,,,,,,,,,,
SNOTEL:1122_CO_SNTL,6.6,6.6,7.3,7.5,7.9,8.3,8.7,9.0,9.5,9.9,10.4,10.4,10.6,10.9,,,,,,,,,,,
SNOTEL:1123_CO_SNTL,11.5,11.5,,,,12.6,,,,,,,,,,,,,,,,,,,
SNOTEL:1124_CO_SNTL,1.1,1.1,1.5,2.1,2.2,2.2,4.2,4.3,5.1,5.3,5.9,5.3,5.2,5.6,,,,,,,,,,,
SNOTEL:1127_AZ_SNTL,0.0,0.0,0.0,0.0,0.0,0.0,0.1,0.0,0.0,0.0,0.0,0.0,0.0,0.0,,,,,,,,,,,
SNOTEL:1128_CO_SNTL,3.5,3.5,3.9,4.2,4.4,4.5,5.8,6.0,6.8,7.1,7.6,7.5,8.3,8.3,,,,,,,,,,,
SNOTEL:1129_WA_SNTL,14.5,13.7,13.2,13.4,12.2,11.4,11.0,8.5,8.7,8.6,6.2,1.4,2.7,4.7,,,,,,,,,,,
SNOTEL:1131_WY_SNTL,4.0,4.0,4.5,4.6,5.0,5.6,6.0,6.2,6.6,7.3,8.1,7.8,8.4,9.7,,,,,,,,,,,
SNOTEL:1132_WY_SNTL,0.9,0.2,1.0,0.3,1.2,1.2,1.7,2.3,1.8,3.1,3.9,3.2,3.3,4.4,,,,,,,,,,,
SNOTEL:1133_WY_SNTL,,,,,,,,,,,,,,,,,,,,,,,,,
SNOTEL:1134_WY_SNTL,,,,,,,,,,,,,,,,,,,,,,,,,
SNOTEL:1135_UT_SNTL,4.0,4.0,4.0,4.0,4.0,4.4,4.6,4.7,6.4,6.9,6.9,5.3,4.5,2.7,,,,,,,,,,,
SNOTEL:1136_NV_SNTL,9.5,9.5,10.0,10.0,10.0,10.2,11.3,11.7,13.1,13.7,13.6,11.2,9.6,9.0,,,,,,,,,,,
SNOTEL:1138_NM_SNTL,6.5,6.5,6.5,6.6,6.6,6.8,7.5,6.6,7.4,7.3,5.7,1.9,0.1,0.0,,,,,,,,,,,
SNOTEL:1139_AZ_SNTL,2.0,2.1,2.4,2.5,2.4,2.2,2.9,2.7,2.8,1.9,0.8,0.4,0.0,0.0,,,,,,,,,,,
SNOTEL:1140_AZ_SNTL,5.5,5.4,5.6,5.3,5.3,5.6,8.1,7.9,9.1,8.9,9.0,8.5,6.4,3.9,,,,,,,,,,,
SNOTEL:1141_CO_SNTL,10.4,10.6,10.8,11.0,11.0,11.2,13.0,13.1,14.0,14.7,15.0,14.9,15.8,14.7,,,,,,,,,,,
SNOTEL:1143_AZ_SNTL,6.5,6.4,6.4,6.4,6.4,6.0,7.2,6.8,7.1,8.8,7.9,6.0,2.8,0.0,,,,,,,,,,,
SNOTEL:1144_MT_SNTL,6.5,6.4,6.8,7.0,7.3,7.5,7.6,8.4,9.1,9.4,9.4,8.2,8.6,8.9,,,,,,,,,,,
SNOTEL:1146_UT_SNTL,5.8,5.8,5.8,5.8,5.8,5.9,6.4,6.4,6.9,7.0,6.7,4.4,0.6,0.9,,,,,,,,,,,
SNOTEL:1147_NV_SNTL,9.9,9.8,10.4,10.4,10.4,10.4,11.2,11.2,12.2,12.5,12.7,12.3,12.7,12.6,,,,,,,,,,,
SNOTEL:1148_UT_SNTL,3.3,3.3,3.3,3.3,3.3,3.4,4.3,4.3,4.5,3.8,1.9,0.3,0.0,0.2,,,,,,,,,,,
SNOTEL:1149_UT_SNTL,6.6,6.6,6.6,6.6,6.6,7.1,9.5,9.7,10.0,10.3,10.3,9.1,7.0,5.6,,,,,,,,,,,
SNOTEL:1150_NV_SNTL,4.7,4.7,5.1,5.1,5.1,5.3,6.1,6.2,7.4,7.7,7.8,5.8,2.3,0.0,,,,,,,,,,,
SNOTEL:1152_NV_SNTL,6.8,6.8,6.9,6.9,6.9,6.8,7.6,7.6,8.4,8.6,8.6,8.4,8.1,7.1,,,,,,,,,,,
SNOTEL:1154_UT_SNTL,9.5,9.4,9.5,9.4,9.4,9.5,12.3,12.3,13.5,14.1,14.7,15.3,15.0,15.5,,,,,,,,,,,
SNOTEL:1155_NV_SNTL,3.7,3.7,3.8,3.8,3.8,3.9,4.5,4.0,4.3,4.3,1.0,0.0,0.0,0.0,,,,,,,,,,,
SNOTEL:1156_UT_SNTL,4.9,4.8,4.8,4.8,4.7,4.7,5.6,5.7,6.1,6.4,6.0,4.5,1.1,0.4,,,,,,,,,,,
SNOTEL:1157_WA_SNTL,,,,,,,,,,,,,,,,,,,,,,,,,
SNOTEL:1159_WA_SNTL,5.2,5.4,5.2,5.1,5.3,5.4,5.4,5.8,6.0,6.2,6.3,4.8,5.0,4.0,,,,,,,,,,,
SNOTEL:1160_CO_SNTL,8.0,8.1,8.1,8.6,8.7,8.7,12.0,11.4,13.1,13.1,12.8,11.9,11.6,8.7,,,,,,,,,,,
SNOTEL:1161_CO_SNTL,6.3,6.5,6.9,6.9,7.6,8.2,8.6,8.9,9.4,10.1,10.4,10.8,,,,,,,,,,,,,
SNOTEL:1162_UT_SNTL,5.7,5.7,6.0,6.0,6.0,6.2,6.3,6.5,7.8,8.3,8.3,7.6,7.1,6.5,,,,,,,,,,,
SNOTEL:1166_OR_SNTL,32.7,33.6,32.0,34.1,34.6,35.4,38.6,38.5,37.7,41.5,41.0,37.2,39.3,46.5,,,,,,,,,,,
SNOTEL:1167_OR_SNTL,10.1,9.0,7.7,7.1,5.4,4.5,5.1,2.9,1.6,0.0,0.0,0.0,0.0,4.2,,,,,,,,,,,
SNOTEL:1168_NM_SNTL,8.2,8.3,8.5,10.1,10.3,10.4,11.2,11.5,13.8,15.0,15.3,16.3,16.7,16.4,,,,,,,,,,,
SNOTEL:1169_NM_SNTL,2.8,3.0,3.0,3.6,3.9,4.0,4.1,4.3,5.1,5.9,6.3,4.9,2.2,0.0,,,,,,,,,,,
SNOTEL:1170_NM_SNTL,3.0,3.0,3.2,3.8,3.8,3.9,4.1,3.9,4.4,4.4,5.2,2.3,0.3,0.3,,,,,,,,,,,
SNOTEL:1171_WA_SNTL,26.3,26.1,26.7,28.1,26.8,26.8,26.7,31.2,30.6,30.2,28.5,25.3,26.1,27.0,,,,,,,,,,,
SNOTEL:1172_NM_SNTL,6.7,6.7,6.8,7.7,7.8,7.8,8.8,9.1,9.7,10.5,11.1,10.2,6.8,3.8,,,,,,,,,,,
SNOTEL:1184_UT_SNTL,7.1,7.1,7.1,7.1,7.1,7.5,8.9,8.9,9.8,10.3,10.9,9.3,6.9,5.9,,,,,,,,,,,
SNOTEL:1185_CO_SNTL,14.9,14.9,15.0,15.1,15.3,15.3,18.2,18.5,20.3,21.0,21.3,22.3,22.8,23.2,,,,,,,,,,,
SNOTEL:1186_CO_SNTL,11.5,11.8,12.1,12.4,12.7,13.3,14.0,14.4,15.1,16.0,16.6,16.9,17.5,19.2,,,,,,,,,,,
SNOTEL:1187_CO_SNTL,13.6,13.8,14.2,14.4,14.9,15.4,16.1,16.7,17.2,18.5,19.6,19.3,20.2,21.8,,,,,,,,,,,
SNOTEL:1192_UT_SNTL,8.8,8.8,9.0,9.0,9.0,9.2,9.2,9.2,10.7,11.2,11.3,11.2,11.6,12.3,,,,,,,,,,,
SNOTEL:1195_NV_SNTL,5.7,5.7,5.5,5.4,5.2,5.4,6.0,5.1,5.6,4.5,1.7,0.0,0.0,0.8,,,,,,,,,,,
SNOTEL:1196_WY_SNTL,21.8,22.2,22.7,22.7,23.1,23.3,24.1,24.5,26.5,27.5,28.1,27.1,28.6,31.8,,,,,,,,,,,
SNOTEL:1197_UT_SNTL,4.1,4.1,4.1,4.1,4.1,4.4,6.2,6.2,6.4,6.9,7.0,5.7,2.1,0.6,,,,,,,,,,,
SNOTEL:1202_NV_SNTL,,,,,,,,,,,,,,,,,,,,,,,,,
SNOTEL:1203_NV_SNTL,,,,,,,,,,,,,,,,,,,,,,,,,
SNOTEL:1205_NV_SNTL,,,,,,,,,,,,,,,,,,,,,,,,,
SNOTEL:1206_NV_SNTL,,,,,,,,,,,,,,,,,,,,,,,,,
SNOTEL:1209_NV_SNTL,,,,,,,,,,,,,,,,,,,,,,,,,
SNOTEL:1213_NV_SNTL,,,,,,,,,,,,,,,,,,,,,,,,,
SNOTEL:1214_UT_SNTL,3.7,3.7,3.8,4.1,4.2,4.6,5.1,4.7,5.4,4.7,3.2,0.0,0.0,1.0,,,,,,,,,,,
SNOTEL:1215_UT_SNTL,5.9,5.9,5.9,5.9,5.9,5.9,8.0,8.0,9.3,9.7,9.9,7.8,4.0,0.5,,,,,,,,,,,
SNOTEL:1216_UT_SNTL,13.8,13.6,13.6,13.6,13.6,13.7,14.6,15.0,17.7,18.4,18.6,19.7,20.1,20.6,,,,,,,,,,,
SNOTEL:1222_UT_SNTL,14.0,14.0,14.3,14.3,14.3,14.9,16.8,16.8,19.5,20.8,21.4,22.6,22.8,24.8,,,,,,,,,,,
SNOTEL:1223_UT_SNTL,8.4,8.4,8.4,8.4,8.4,8.7,9.4,9.1,10.2,10.4,10.0,6.7,4.6,2.0,,,,,,,,,,,
SNOTEL:1224_UT_SNTL,15.9,15.9,16.0,16.0,16.0,16.2,17.9,18.0,20.2,20.8,21.2,22.2,22.4,22.5,,,,,,,,,,,
SNOTEL:1225_UT_SNTL,10.0,9.8,9.6,9.6,9.6,9.8,10.7,10.4,12.4,13.0,13.0,11.6,11.1,10.7,,,,,,,,,,,
SNOTEL:1226_UT_SNTL,8.2,8.2,8.2,8.2,8.2,8.5,9.8,9.8,11.2,11.8,12.3,12.7,12.8,11.9,,,,,,,,,,,
SNOTEL:1227_UT_SNTL,6.1,6.1,6.1,6.1,6.1,6.3,7.2,7.2,8.2,8.4,8.7,8.4,7.4,6.2,,,,,,,,,,,
SNOTEL:1228_UT_SNTL,6.2,6.2,6.2,6.2,6.2,6.3,7.3,7.3,8.5,8.9,8.9,8.1,6.2,5.1,,,,,,,,,,,
SNOTEL:1231_WA_SNTL,9.8,9.5,9.0,9.1,9.1,9.2,8.6,8.6,8.4,8.0,6.7,4.7,4.5,6.9,,,,,,,,,,,
SNOTEL:1236_UT_SNTL,6.5,6.5,6.5,6.5,6.5,6.7,7.8,7.8,8.4,8.6,8.6,6.8,4.4,1.4,,,,,,,,,,,
SNOTEL:1242_NV_SNTL,13.8,13.4,13.2,13.1,13.1,13.3,14.1,14.1,14.5,13.1,9.4,2.8,0.0,0.0,,,,,,,,,,,
SNOTEL:1243_NV_SNTL,2.5,2.6,2.7,2.7,2.4,0.9,1.0,0.6,0.8,0.0,0.0,0.3,0.0,0.2,,,,,,,,,,,
SNOTEL:1244_NV_SNTL,6.0,6.0,6.1,6.1,5.9,5.9,6.3,6.3,7.5,8.1,7.2,3.4,0.9,1.4,,,,,,,,,,,
SNOTEL:1247_UT_SNTL,6.2,6.2,7.1,7.3,7.3,7.8,8.7,8.8,11.7,12.2,12.2,10.8,10.7,9.6,,,,,,,,,,,
SNOTEL:1248_UT_SNTL,6.7,6.7,6.7,6.7,6.7,6.7,8.2,8.2,9.0,9.2,8.8,6.9,3.0,0.0,,,,,,,,,,,
SNOTEL:1249_UT_SNTL,9.4,9.4,9.3,9.3,9.3,9.2,10.3,10.3,11.2,11.6,11.6,12.2,12.2,12.3,,,,,,,,,,,
SNOTEL:1251_CO_SNTL,15.7,15.7,16.9,17.6,18.1,19.1,20.0,20.6,21.7,23.0,23.4,23.0,23.3,23.8,,,,,,,,,,,
SNOTEL:1252_CO_SNTL,12.1,12.1,12.4,12.1,12.4,12.5,13.8,14.1,16.1,16.6,16.8,16.1,16.6,16.7,,,,,,,,,,,
SNOTEL:1254_NM_SNTL,4.9,4.9,4.9,5.7,5.9,6.2,6.7,6.8,8.3,9.0,9.5,10.5,11.3,11.4,,,,,,,,,,,
SNOTEL:1256_WA_SNTL,5.5,5.6,5.7,5.7,6.0,6.0,5.6,6.1,5.5,5.6,5.0,2.0,0.9,0.3,,,,,,,,,,,
SNOTEL:1257_WA_SNTL,24.4,23.9,23.9,25.9,26.0,27.2,29.1,30.4,30.6,34.2,35.7,33.2,37.1,41.5,,,,,,,,,,,
SNOTEL:1258_CA_SNTL,4.9,4.8,4.8,3.9,4.8,4.2,3.6,2.5,1.3,0.1,0.0,0.0,0.0,1.1,,,,,,,,,,,
SNOTEL:1259_WA_SNTL,3.6,3.7,3.5,3.2,3.6,3.4,2.7,3.8,4.3,3.8,3.2,0.0,0.0,0.0,,,,,,,,,,,
SNOTEL:1261_UT_SNTL,5.2,5.2,5.5,5.5,5.5,5.8,6.8,6.8,6.7,7.0,6.9,6.0,3.6,1.5,,,,,,,,,,,
SNOTEL:1262_NV_SNTL,2.2,1.5,1.5,1.5,1.5,1.5,1.0,0.3,0.8,0.0,0.0,0.0,0.0,0.4,,,,,,,,,,,
SNOTEL:1263_WA_SNTL,24.6,23.9,23.6,24.2,23.8,24.0,25.4,25.8,25.7,28.8,29.5,27.4,30.5,33.4,,,,,,,,,,,
SNOTEL:1269_UT_SNTL,4.3,4.3,4.3,4.3,4.3,4.3,4.9,4.9,5.1,5.2,4.3,1.7,0.0,0.0,,,,,,,,,,,
SNOTEL:1271_AZ_SNTL,7.8,7.9,7.9,8.2,8.1,8.5,9.5,9.5,10.4,10.2,10.7,9.3,5.5,0.5,,,,,,,,,,,
SNOTEL:1272_NV_SNTL,3.7,3.7,4.3,4.5,4.6,4.7,5.1,5.3,6.2,6.4,5.7,1.7,0.0,,,,,,,,,,,,
SNOTEL:1276_ID_SNTL,,,,,,,,,,,,,,,,,,,,,,,,,
SNOTEL:1277_CA_SNTL,8.0,8.0,8.0,8.0,8.0,8.0,8.3,8.7,10.5,11.0,9.0,4.4,0.0,0.0,,,,,,,,,,,
SNOTEL:1278_UT_SNTL,8.0,8.0,8.0,8.0,8.1,8.5,9.7,9.7,10.7,11.4,11.9,11.7,10.8,10.0,,,,,,,,,,,
SNOTEL:1280_UT_SNTL,9.9,9.9,10.0,10.1,10.1,10.7,11.7,11.7,13.7,14.6,14.9,13.0,12.0,10.4,,,,,,,,,,,
SNOTEL:1286_MT_SNTL,18.4,18.6,19.4,20.3,21.1,21.9,22.4,25.1,26.1,27.6,28.4,28.0,29.3,32.0,,,,,,,,,,,
SNOTEL:1287_MT_SNTL,8.2,8.0,8.5,8.6,8.9,9.1,9.1,9.5,10.0,10.8,11.1,10.8,10.6,11.6,,,,,,,,,,,
SNOTEL:2029_ID_SNTL,6.2,6.3,6.3,6.2,5.9,5.4,5.0,3.8,2.2,0.5,0.0,0.0,0.0,0.7,,,,,,,,,,,
SNOTEL:246_CA_SNTL,,,,,,,,,,,,,,,,,,,,,,,,,
SNOTEL:247_CO_SNTL,,,,,,,,,,,,,,,,,,,,,,,,,
SNOTEL:248_CO_SNTL,,,,,,,,,,,,,,,,,,,,,,,,,
SNOTEL:249_CO_SNTL,,,,,,,,,,,,,,,,,,,,,,,,,
SNOTEL:250_CO_SNTL,,,,,,,,,,,,,,,,,,,,,,,,,
SNOTEL:251_ID_SNTL,,,,,,,,,,,,,,,,,,,,,,,,,
SNOTEL:252_MT_SNTL,,,,,,,,,,,,,,,,,,,,,,,,,
SNOTEL:253_MT_SNTL,,,,,,,,,,,,,,,,,,,,,,,,,
SNOTEL:254_MT_SNTL,,,,,,,,,,,,,,,,,,,,,,,,,
SNOTEL:255_MT_SNTL,,,,,,,,,,,,,,,,,,,,,,,,,
SNOTEL:256_MT_SNTL,,,,,,,,,,,,,,,,,,,,,,,,,
SNOTEL:257_NV_SNTL,,,,,,,,,,,,,,,,,,,,,,,,,
SNOTEL:258_NV_SNTL,,,,,,,,,,,,,,,,,,,,,,,,,
SNOTEL:259_OR_SNTL,,,,,,,,,,,,,,,,,,,,,,,,,
SNOTEL:261_UT_SNTL,,,,,,,,,,,,,,,,,,,,,,,,,
SNOTEL:262_WA_SNTL,,,,,,,,,,,,,,,,,,,,,,,,,
SNOTEL:263_WA_SNTL,,,,,,,,,,,,,,,,,,,,,,,,,
SNOTEL:264_WA_SNTL,,,,,,,,,,,,,,,,,,,,,,,,,
SNOTEL:266_WY_SNTL,,,,,,,,,,,,,,,,,,,,,,,,,
SNOTEL:267_WY_SNTL,,,,,,,,,,,,,,,,,,,,,,,,,
SNOTEL:268_WY_SNTL,,,,,,,,,,,,,,,,,,,,,,,,,
SNOTEL:269_WY_SNTL,,,,,,,,,,,,,,,,,,,,,,,,,
SNOTEL:301_CA_SNTL,9.8,9.7,9.7,9.8,9.4,9.5,9.8,9.7,10.3,10.8,8.0,3.9,0.0,1.0,,,,,,,,,,,
SNOTEL:302_OR_SNTL,8.8,8.7,9.0,9.6,9.7,10.0,10.4,11.2,12.4,13.2,13.5,13.8,15.2,16.2,,,,,,,,,,,
SNOTEL:303_CO_SNTL,2.3,2.5,2.9,4.1,4.4,4.6,5.0,4.6,5.4,5.7,7.3,6.5,5.7,5.0,,,,,,,,,,,
SNOTEL:304_OR_SNTL,10.1,10.4,10.1,10.9,11.2,11.6,12.5,12.6,14.3,14.6,14.2,11.3,11.4,14.3,,,,,,,,,,,
SNOTEL:305_CO_SNTL,,,,,,,,,,,,,,,,,,,,,,,,,
SNOTEL:306_ID_SNTL,17.6,17.6,17.9,18.1,18.1,18.3,18.3,18.5,18.6,19.9,20.2,20.1,20.9,21.8,,,,,,,,,,,
SNOTEL:308_AZ_SNTL,2.4,2.0,2.2,2.0,1.4,0.4,1.6,1.4,1.7,0.3,0.0,0.0,0.0,0.0,,,,,,,,,,,
SNOTEL:311_MT_SNTL,11.6,11.5,11.8,12.1,12.5,12.4,12.8,15.1,15.7,16.9,17.0,16.6,17.2,17.4,,,,,,,,,,,
SNOTEL:312_ID_SNTL,17.6,17.6,18.2,18.2,18.2,18.5,18.5,20.1,20.2,20.8,21.4,18.6,19.0,20.0,,,,,,,,,,,
SNOTEL:313_MT_SNTL,8.0,8.1,8.6,9.0,9.2,9.8,10.0,10.4,10.9,11.6,11.8,12.1,12.5,13.7,,,,,,,,,,,
SNOTEL:316_NM_SNTL,6.4,6.4,6.4,7.7,7.8,7.9,9.2,9.2,10.1,10.5,10.5,8.0,5.8,3.5,,,,,,,,,,,
SNOTEL:317_WY_SNTL,5.8,5.8,6.0,6.0,6.2,6.4,7.2,7.7,8.6,9.0,9.0,7.7,6.3,5.5,,,,,,,,,,,
SNOTEL:319_ID_SNTL,8.7,8.7,8.9,9.0,9.2,9.6,9.6,10.7,10.9,11.5,11.6,10.2,10.6,11.1,,,,,,,,,,,
SNOTEL:320_ID_SNTL,10.5,10.5,10.5,10.6,10.6,10.6,10.6,10.7,11.0,11.5,11.8,10.9,10.4,8.1,,,,,,,,,,,
SNOTEL:321_NV_SNTL,7.8,7.6,8.3,8.5,8.7,9.0,9.3,9.8,11.5,12.4,12.6,11.5,11.0,10.6,,,,,,,,,,,
SNOTEL:322_CO_SNTL,11.0,10.8,11.5,11.8,11.9,12.9,13.8,14.0,15.0,15.5,16.2,16.0,16.4,16.6,,,,,,,,,,,
SNOTEL:324_ID_SNTL,12.1,12.1,12.5,12.8,12.8,13.0,13.1,13.8,14.3,14.7,14.6,12.6,12.2,12.5,,,,,,,,,,,
SNOTEL:325_WY_SNTL,3.2,3.1,3.4,3.4,3.7,4.1,4.6,4.6,5.0,5.8,6.2,5.3,5.0,5.4,,,,,,,,,,,
SNOTEL:326_WY_SNTL,10.3,10.3,10.6,10.8,11.5,11.8,12.6,13.5,13.6,14.4,15.1,14.7,15.5,15.9,,,,,,,,,,,
SNOTEL:327_CO_SNTL,10.9,10.9,10.9,11.3,11.4,11.5,15.9,16.2,18.5,19.8,20.1,20.2,21.8,22.1,,,,,,,,,,,
SNOTEL:328_MT_SNTL,8.9,9.1,9.6,9.7,10.0,10.1,10.2,10.6,10.7,11.5,11.6,11.3,11.9,12.4,,,,,,,,,,,
SNOTEL:329_UT_SNTL,5.8,5.8,5.8,5.8,5.8,6.1,7.3,7.3,7.7,7.8,7.9,6.6,3.5,1.3,,,,,,,,,,,
SNOTEL:330_UT_SNTL,9.7,9.9,9.9,9.9,9.9,9.9,9.9,9.9,11.4,11.5,11.6,10.8,9.8,8.1,,,,,,,,,,,
SNOTEL:331_OR_SNTL,6.6,6.6,6.6,7.3,7.7,8.0,8.6,8.6,9.3,9.8,8.3,5.9,4.9,5.0,,,,,,,,,,,
SNOTEL:332_UT_SNTL,13.3,13.3,13.8,13.8,13.8,13.9,14.1,14.6,18.8,19.6,19.7,16.2,15.5,15.1,,,,,,,,,,,
SNOTEL:333_UT_SNTL,9.0,9.0,9.6,9.6,9.6,9.8,9.9,10.2,12.2,12.7,11.2,6.3,3.3,1.6,,,,,,,,,,,
SNOTEL:334_NV_SNTL,8.9,8.9,9.2,9.2,9.2,9.5,10.2,10.2,11.8,12.1,12.6,12.5,12.4,13.0,,,,,,,,,,,
SNOTEL:335_CO_SNTL,8.9,9.1,9.6,9.8,10.2,11.0,11.6,11.9,13.0,14.0,15.0,15.3,15.2,15.6,,,,,,,,,,,
SNOTEL:336_NV_SNTL,4.4,4.4,4.6,4.6,4.7,4.7,5.0,5.5,5.9,6.5,6.2,2.8,0.6,0.8,,,,,,,,,,,
SNOTEL:337_NV_SNTL,5.4,5.4,5.4,5.4,5.3,6.0,6.8,6.9,9.0,9.6,10.3,9.7,9.4,9.6,,,,,,,,,,,
SNOTEL:338_ID_SNTL,17.4,17.4,18.4,18.7,18.8,19.1,19.4,21.1,21.2,22.5,23.0,21.5,22.6,23.7,,,,,,,,,,,
SNOTEL:339_UT_SNTL,15.6,15.6,15.6,15.6,15.6,15.6,17.0,17.2,18.2,18.5,18.5,19.2,19.4,19.9,,,,,,,,,,,
SNOTEL:340_NV_SNTL,15.4,15.3,15.3,15.3,15.3,15.9,16.9,16.9,17.9,18.3,18.1,16.2,13.9,12.3,,,,,,,,,,,
SNOTEL:341_OR_SNTL,11.0,10.9,10.7,10.7,10.8,10.8,10.5,11.6,12.3,12.5,12.9,12.1,12.5,13.2,,,,,,,,,,,
SNOTEL:342_WY_SNTL,6.8,6.8,6.8,6.8,7.0,7.0,7.2,7.5,8.2,8.6,8.6,8.7,9.5,10.0,,,,,,,,,,,
SNOTEL:344_OR_SNTL,13.4,13.4,13.5,13.4,13.6,14.2,15.3,14.6,14.2,14.8,13.0,9.4,9.6,13.5,,,,,,,,,,,
SNOTEL:345_CO_SNTL,16.0,16.0,16.1,16.0,16.0,16.4,18.1,19.3,20.6,21.4,21.6,21.5,22.1,,,,,,,,,,,,
SNOTEL:346_MT_SNTL,5.2,5.1,5.3,5.6,5.7,6.2,6.5,6.8,6.7,7.6,7.4,6.0,6.2,6.2,,,,,,,,,,,
SNOTEL:347_MT_SNTL,22.0,22.0,22.6,22.9,23.3,23.8,24.4,24.8,25.0,26.7,27.4,26.8,27.0,28.0,,,,,,,,,,,
SNOTEL:348_UT_SNTL,4.8,4.8,4.8,4.8,4.9,5.1,6.0,6.1,6.6,7.0,7.3,6.3,4.2,3.3,,,,,,,,,,,
SNOTEL:349_MT_SNTL,6.4,6.7,7.1,7.7,7.9,8.4,8.4,9.1,9.9,10.5,10.6,9.5,10.2,9.5,,,,,,,,,,,
SNOTEL:350_WY_SNTL,13.7,13.4,13.5,13.7,14.1,14.5,14.9,15.6,15.8,16.8,17.3,17.1,18.1,19.6,,,,,,,,,,,
SNOTEL:354_SD_SNTL,1.8,2.0,2.4,2.7,2.9,3.8,4.2,3.9,3.8,3.7,3.2,1.0,1.6,1.2,,,,,,,,,,,
SNOTEL:355_MT_SNTL,6.3,6.3,6.6,6.8,7.0,7.2,7.2,7.7,8.4,9.0,9.4,9.0,10.3,10.8,,,,,,,,,,,
SNOTEL:356_CA_SNTL,16.4,16.6,16.7,16.7,16.7,16.8,17.4,17.4,18.7,18.2,16.8,15.3,13.1,12.4,,,,,,,,,,,
SNOTEL:358_WY_SNTL,8.4,8.1,8.9,8.7,10.2,10.6,11.0,11.8,11.8,12.6,13.4,13.1,14.5,15.5,,,,,,,,,,,
SNOTEL:360_MT_SNTL,8.8,9.1,9.7,10.3,10.7,11.2,11.5,11.9,12.1,13.2,13.6,13.5,14.2,15.5,,,,,,,,,,,
SNOTEL:363_MT_SNTL,3.5,3.5,4.2,4.2,4.9,5.1,5.3,5.6,5.5,6.2,6.4,4.5,4.8,3.8,,,,,,,,,,,
SNOTEL:364_UT_SNTL,3.2,3.0,2.9,2.9,2.9,2.9,3.7,3.9,4.3,5.0,5.3,5.5,3.9,2.3,,,,,,,,,,,
SNOTEL:365_MT_SNTL,8.2,8.3,9.6,10.0,10.0,10.6,11.5,11.8,12.8,14.6,14.8,13.9,15.2,16.1,,,,,,,,,,,
SNOTEL:366_UT_SNTL,11.0,11.0,11.3,11.5,11.5,11.6,12.2,12.5,14.2,15.2,15.6,14.2,14.0,13.4,,,,,,,,,,,
SNOTEL:368_UT_SNTL,13.4,13.4,13.4,13.4,13.4,13.4,14.0,14.0,16.0,16.4,16.5,16.8,16.9,17.7,,,,,,,,,,,
SNOTEL:370_ID_SNTL,16.3,16.3,16.5,17.0,17.2,17.8,17.9,19.6,19.7,20.6,20.8,19.4,19.2,19.6,,,,,,,,,,,
SNOTEL:372_AZ_SNTL,,,,,,,,,,,,,,,,,,,,,,,,,
SNOTEL:373_NV_SNTL,7.9,7.7,7.5,7.3,7.3,7.4,7.6,7.8,8.2,9.0,8.1,4.5,1.3,1.2,,,,,,,,,,,
SNOTEL:375_WA_SNTL,18.9,18.5,18.5,18.9,18.8,18.9,18.7,19.4,19.6,20.9,21.6,20.2,22.7,24.5,,,,,,,,,,,
SNOTEL:376_WA_SNTL,14.2,14.2,15.0,15.7,16.0,16.5,16.5,20.2,19.2,22.1,21.9,21.1,22.4,21.9,,,,,,,,,,,
SNOTEL:377_WY_SNTL,4.4,4.6,5.6,5.8,6.5,7.5,7.7,7.9,8.2,8.6,9.3,9.4,10.3,11.0,,,,,,,,,,,
SNOTEL:379_WY_SNTL,5.8,5.6,5.8,5.5,5.8,5.9,6.2,6.5,7.7,7.9,8.0,6.9,7.6,8.8,,,,,,,,,,,
SNOTEL:380_CO_SNTL,9.7,9.6,9.9,9.9,9.9,10.2,11.4,11.6,13.0,13.2,13.1,12.8,13.2,12.1,,,,,,,,,,,
SNOTEL:381_MT_SNTL,5.0,5.0,5.5,5.9,6.2,6.2,6.0,6.6,6.9,7.0,5.9,2.8,2.2,0.2,,,,,,,,,,,
SNOTEL:385_MT_SNTL,16.1,16.3,16.9,17.0,17.5,17.7,18.0,18.6,18.7,20.3,21.3,21.3,22.0,23.0,,,,,,,,,,,
SNOTEL:386_CO_SNTL,8.2,8.2,8.2,8.1,8.3,8.6,11.7,11.3,12.5,12.8,11.3,7.7,4.6,1.2,,,,,,,,,,,
SNOTEL:387_CO_SNTL,7.8,7.8,7.2,7.2,7.2,7.2,10.4,9.5,9.8,10.0,5.7,0.3,0.0,0.0,,,,,,,,,,,
SNOTEL:388_OR_SNTL,18.4,18.4,18.4,18.5,17.9,18.3,19.8,19.9,20.1,21.0,20.8,18.8,20.0,24.9,,,,,,,,,,,
SNOTEL:389_WY_SNTL,3.2,3.5,5.3,5.5,5.7,7.1,7.5,7.7,8.8,9.3,10.1,11.2,11.6,11.7,,,,,,,,,,,
SNOTEL:390_UT_SNTL,6.6,6.6,6.6,6.6,6.6,6.8,8.3,8.3,8.9,9.2,9.3,9.6,7.5,5.2,,,,,,,,,,,
SNOTEL:392_UT_SNTL,12.7,12.6,12.7,12.7,12.7,13.1,13.4,14.0,15.5,16.6,16.8,16.9,17.2,18.4,,,,,,,,,,,
SNOTEL:393_UT_SNTL,9.7,9.7,9.9,9.9,9.9,10.4,10.8,11.2,12.9,13.7,13.8,14.2,14.3,15.6,,,,,,,,,,,
SNOTEL:396_UT_SNTL,8.0,8.0,8.1,8.1,8.1,8.2,8.6,8.9,10.3,10.6,10.9,11.3,11.3,10.0,,,,,,,,,,,
SNOTEL:397_WY_SNTL,,,,,,,,,,,,,,,,,,,,,,,,,
SNOTEL:398_OR_SNTL,14.3,14.4,14.4,15.6,14.2,13.7,14.7,13.8,13.1,13.4,12.4,9.7,8.9,10.1,,,,,,,,,,,
SNOTEL:399_UT_SNTL,9.9,9.9,9.9,9.9,9.9,10.0,11.2,11.2,12.6,12.9,13.0,13.3,12.9,12.3,,,,,,,,,,,
SNOTEL:401_OR_SNTL,11.7,11.2,10.7,11.1,10.8,10.7,11.4,10.5,10.3,10.4,10.1,7.6,8.6,10.5,,,,,,,,,,,
SNOTEL:402_WY_SNTL,7.3,7.5,8.1,8.3,8.9,9.6,10.2,10.2,10.7,11.4,12.2,11.9,12.5,14.2,,,,,,,,,,,
SNOTEL:403_MT_SNTL,7.0,6.9,7.6,7.8,8.3,8.5,9.0,9.5,9.7,10.9,12.0,11.8,12.3,12.9,,,,,,,,,,,
SNOTEL:406_OR_SNTL,13.6,13.3,13.3,13.7,12.2,11.5,12.8,12.0,11.5,11.6,9.2,5.1,4.2,6.6,,,,,,,,,,,
SNOTEL:407_MT_SNTL,4.0,4.3,5.4,5.3,5.6,7.8,7.9,8.3,9.0,9.3,10.1,10.5,12.2,15.0,,,,,,,,,,,
SNOTEL:409_CO_SNTL,15.2,15.4,15.7,15.3,15.0,15.1,18.1,19.0,21.4,21.7,21.3,19.9,18.0,13.3,,,,,,,,,,,
SNOTEL:410_MT_SNTL,3.4,3.4,3.7,4.0,4.0,4.0,4.0,4.1,3.7,3.8,3.3,1.0,0.0,0.9,,,,,,,,,,,
SNOTEL:411_ID_SNTL,27.8,28.4,29.7,31.4,32.7,33.3,34.4,37.5,38.1,40.8,41.8,41.9,44.3,44.9,,,,,,,,,,,
SNOTEL:412_CO_SNTL,6.1,5.9,6.6,7.3,7.2,7.9,8.5,7.8,8.4,8.1,8.6,4.9,0.9,0.4,,,,,,,,,,,
SNOTEL:413_MT_SNTL,4.3,4.5,4.7,5.1,5.0,5.2,5.4,5.3,5.2,4.4,2.8,0.0,0.0,0.4,,,,,,,,,,,
SNOTEL:414_MT_SNTL,14.6,14.7,15.2,16.1,17.7,17.9,19.0,23.6,23.8,25.9,26.2,23.9,26.3,25.5,,,,,,,,,,,
SNOTEL:415_CO_SNTL,8.0,8.4,8.7,9.1,9.2,9.5,10.2,10.3,11.4,11.9,12.3,12.4,13.0,13.6,,,,,,,,,,,
SNOTEL:416_AZ_SNTL,1.8,0.8,0.2,0.2,0.4,0.2,0.4,0.0,0.0,0.0,0.0,0.0,0.0,0.0,,,,,,,,,,,
SNOTEL:417_NV_SNTL,6.9,6.9,7.4,7.4,7.6,7.9,8.8,8.8,12.3,13.0,13.8,12.9,12.4,12.4,,,,,,,,,,,
SNOTEL:418_WA_SNTL,22.2,22.5,22.7,23.4,23.6,23.9,25.2,28.5,27.8,30.4,31.9,30.6,33.4,36.0,,,,,,,,,,,
SNOTEL:419_WY_SNTL,11.8,11.8,12.4,12.5,12.7,12.8,13.1,13.3,14.7,15.4,15.4,15.4,16.1,17.1,,,,,,,,,,,
SNOTEL:420_WA_SNTL,12.3,11.1,10.7,11.5,11.2,11.2,14.1,13.0,14.3,15.2,15.1,12.1,13.8,16.0,,,,,,,,,,,
SNOTEL:421_WY_SNTL,,,,,,,,,,,,,,,,,,,,,,,,,
SNOTEL:422_OR_SNTL,5.1,5.0,4.2,4.5,4.9,4.1,4.0,2.7,2.1,1.1,0.0,0.0,0.9,2.0,,,,,,,,,,,
SNOTEL:423_ID_SNTL,9.1,9.1,9.5,9.6,9.6,9.7,9.7,9.9,9.9,10.5,10.0,7.8,7.1,6.8,,,,,,,,,,,
SNOTEL:424_ID_SNTL,7.3,7.3,7.6,7.6,7.7,7.8,7.6,7.7,7.8,8.0,8.2,7.5,7.9,8.4,,,,,,,,,,,
SNOTEL:426_CO_SNTL,7.2,7.3,7.5,7.5,7.7,8.0,8.6,8.8,9.5,10.2,10.2,9.6,9.7,9.8,,,,,,,,,,,
SNOTEL:428_CA_SNTL,27.6,27.6,27.6,27.6,26.7,25.7,26.3,25.3,25.9,24.6,20.5,15.3,9.1,6.1,,,,,,,,,,,
SNOTEL:430_CO_SNTL,3.7,4.1,4.3,5.4,5.5,5.5,5.9,6.1,7.8,8.6,8.7,9.4,10.0,10.6,,,,,,,,,,,
SNOTEL:431_CO_SNTL,17.9,17.9,18.4,21.0,21.0,20.9,22.9,23.4,25.0,26.1,26.1,26.4,26.4,25.4,,,,,,,,,,,
SNOTEL:432_UT_SNTL,8.7,8.7,8.8,9.0,9.0,9.1,9.7,9.7,10.5,10.7,9.3,6.7,4.4,1.9,,,,,,,,,,,
SNOTEL:433_MT_SNTL,6.0,6.1,6.3,6.9,7.3,7.8,7.8,8.2,8.4,9.0,8.6,6.7,6.7,5.5,,,,,,,,,,,
SNOTEL:434_OR_SNTL,14.1,12.9,11.6,11.9,11.2,10.2,11.0,8.6,8.9,8.9,7.2,3.3,2.3,4.9,,,,,,,,,,,
SNOTEL:436_MT_SNTL,17.0,17.0,18.4,19.1,19.8,20.5,20.9,21.8,23.1,24.4,25.1,25.1,25.7,27.3,,,,,,,,,,,
SNOTEL:437_MT_SNTL,4.0,4.1,5.0,5.3,5.7,6.1,6.3,6.5,6.6,7.2,7.3,6.2,6.2,6.2,,,,,,,,,,,
SNOTEL:438_CO_SNTL,12.6,13.0,13.3,13.2,14.2,14.6,15.3,15.5,16.2,17.1,17.4,18.2,18.5,20.1,,,,,,,,,,,
SNOTEL:439_ID_SNTL,25.0,25.0,25.8,26.1,26.3,26.8,27.1,29.9,29.9,31.1,32.0,31.9,33.2,34.6,,,,,,,,,,,
SNOTEL:441_UT_SNTL,,,,,,,,,,,,,,,,,,,,,,,,,
SNOTEL:444_UT_SNTL,6.4,6.4,6.4,6.4,6.4,6.4,7.5,7.5,8.5,8.8,8.8,7.9,5.9,5.0,,,,,,,,,,,
SNOTEL:448_MT_SNTL,4.6,4.6,5.2,5.2,5.4,5.5,5.6,5.7,5.9,6.3,6.8,6.9,7.2,8.1,,,,,,,,,,,
SNOTEL:449_WY_SNTL,9.7,9.8,10.3,10.4,10.6,10.8,11.9,12.4,13.5,14.0,14.1,14.2,14.6,15.6,,,,,,,,,,,
SNOTEL:450_ID_SNTL,16.6,16.6,16.7,16.5,16.1,16.1,16.1,16.3,17.3,17.9,17.9,16.9,18.8,20.0,,,,,,,,,,,
SNOTEL:451_WY_SNTL,5.4,5.0,5.6,5.6,6.4,6.8,7.3,7.9,8.2,10.0,10.7,10.5,11.6,13.2,,,,,,,,,,,
SNOTEL:452_UT_SNTL,4.0,4.0,4.0,4.0,4.0,4.2,5.7,5.7,6.0,6.3,6.4,6.2,5.2,4.6,,,,,,,,,,,
SNOTEL:455_UT_SNTL,11.3,11.3,11.4,11.4,11.4,11.5,11.7,12.0,13.4,14.5,14.3,12.5,13.0,13.7,,,,,,,,,,,
SNOTEL:457_CO_SNTL,12.6,12.8,13.0,12.8,12.9,13.5,14.2,14.5,16.9,18.3,18.9,17.7,17.6,19.2,,,,,,,,,,,
SNOTEL:458_MT_SNTL,5.4,5.4,5.6,6.0,6.2,6.4,6.8,6.8,8.2,8.2,7.6,7.1,7.6,8.5,,,,,,,,,,,
SNOTEL:460_WY_SNTL,6.4,6.4,6.5,6.6,6.7,6.7,6.8,7.0,7.9,8.2,8.2,7.0,6.8,6.4,,,,,,,,,,,
SNOTEL:462_CA_SNTL,17.4,17.4,17.4,17.4,17.4,17.4,18.5,18.5,19.6,20.0,18.5,16.3,12.6,10.8,,,,,,,,,,,
SNOTEL:463_CA_SNTL,27.7,27.7,27.7,27.7,27.7,28.2,29.3,28.9,29.0,27.2,24.5,19.5,13.9,11.7,,,,,,,,,,,
SNOTEL:464_OR_SNTL,8.2,8.2,8.8,9.0,9.2,9.2,9.5,9.8,10.2,9.6,7.5,4.6,3.4,3.0,,,,,,,,,,,
SNOTEL:465_CO_SNTL,8.5,8.5,8.4,8.4,8.5,8.5,11.0,11.0,13.0,13.4,13.3,12.1,11.9,9.8,,,,,,,,,,,
SNOTEL:466_ID_SNTL,18.9,19.5,20.7,21.5,22.1,22.6,23.3,23.8,24.7,26.0,26.8,25.6,27.1,27.7,,,,,,,,,,,
SNOTEL:467_CO_SNTL,12.6,12.7,13.0,12.5,12.5,12.5,14.2,14.8,16.0,16.7,16.6,15.3,15.6,15.6,,,,,,,,,,,
SNOTEL:470_OR_SNTL,4.4,4.1,3.7,4.3,4.2,4.3,5.8,5.1,5.5,4.7,2.0,0.0,0.0,1.8,,,,,,,,,,,
SNOTEL:472_WY_SNTL,16.9,16.9,17.1,17.7,18.2,18.7,19.8,20.1,20.6,22.1,22.6,22.3,23.6,24.5,,,,,,,,,,,
SNOTEL:474_UT_SNTL,16.0,16.0,16.4,16.6,16.6,16.9,17.4,17.8,21.4,21.5,21.6,20.9,21.3,23.2,,,,,,,,,,,
SNOTEL:475_UT_SNTL,12.3,12.3,12.3,12.3,12.3,12.8,15.2,15.2,16.4,17.5,18.5,19.1,19.2,20.6,,,,,,,,,,,
SNOTEL:476_NV_SNTL,7.0,7.0,7.2,7.3,7.3,7.7,8.5,8.9,9.5,10.4,10.7,8.7,7.7,8.5,,,,,,,,,,,
SNOTEL:477_OR_SNTL,17.7,18.0,18.1,17.4,17.1,17.6,18.8,19.5,20.1,20.9,19.7,14.0,9.3,6.4,,,,,,,,,,,
SNOTEL:478_WA_SNTL,18.1,19.2,19.7,20.9,20.8,21.2,22.7,26.1,26.0,27.3,27.0,25.4,27.4,28.7,,,,,,,,,,,
SNOTEL:480_MT_SNTL,18.9,19.2,19.6,19.9,20.7,21.1,22.1,22.9,23.1,24.8,25.3,25.3,27.0,27.5,,,,,,,,,,,
SNOTEL:481_UT_SNTL,10.8,10.8,10.9,10.9,10.9,11.0,11.5,11.5,12.7,12.7,12.9,13.7,13.7,14.1,,,,,,,,,,,
SNOTEL:482_MT_SNTL,25.9,26.1,27.3,28.8,31.0,31.7,33.4,39.0,41.0,43.7,44.1,44.0,45.9,48.0,,,,,,,,,,,
SNOTEL:483_OR_SNTL,13.6,13.4,13.1,13.2,13.5,13.6,13.9,14.5,14.0,14.8,14.9,12.7,13.8,16.6,,,,,,,,,,,
SNOTEL:484_ID_SNTL,15.9,15.9,16.1,16.9,16.9,17.3,17.6,17.8,18.8,20.0,20.1,17.7,17.0,17.7,,,,,,,,,,,
SNOTEL:485_CO_SNTL,9.3,9.5,9.8,10.0,10.3,10.5,11.1,11.2,12.2,12.8,13.5,13.9,14.4,15.2,,,,,,,,,,,
SNOTEL:486_NM_SNTL,1.3,1.3,1.4,1.5,1.6,1.6,1.0,0.3,0.0,0.0,0.0,0.0,0.1,0.1,,,,,,,,,,,
SNOTEL:487_MT_SNTL,3.8,4.2,4.9,4.9,5.0,5.3,5.3,5.7,6.3,7.0,7.1,5.3,6.1,5.2,,,,,,,,,,,
SNOTEL:488_AZ_SNTL,4.8,5.0,4.7,4.6,4.8,4.8,6.7,6.5,6.8,4.8,1.4,0.0,0.0,0.0,,,,,,,,,,,
SNOTEL:489_ID_SNTL,11.1,11.1,11.2,11.4,11.4,11.5,11.7,11.7,12.1,12.5,12.5,11.5,10.8,9.4,,,,,,,,,,,
SNOTEL:490_ID_SNTL,15.5,15.5,15.9,16.1,16.1,16.4,16.4,16.6,17.0,17.4,17.5,16.9,17.0,16.8,,,,,,,,,,,
SNOTEL:491_NM_SNTL,4.8,4.8,4.9,5.4,5.7,5.9,6.5,6.8,8.1,8.5,9.0,8.4,6.3,2.9,,,,,,,,,,,
SNOTEL:493_ID_SNTL,5.4,5.4,5.6,5.5,5.5,5.6,5.6,6.0,7.1,7.2,7.2,4.9,4.0,3.1,,,,,,,,,,,
SNOTEL:494_OR_SNTL,7.0,7.2,7.6,8.2,8.4,8.6,9.1,9.2,9.6,9.2,7.8,4.8,2.8,2.2,,,,,,,,,,,
SNOTEL:495_UT_SNTL,4.8,4.8,4.8,4.8,4.8,4.8,6.1,5.9,6.2,7.0,7.3,5.1,2.0,1.5,,,,,,,,,,,
SNOTEL:497_WY_SNTL,8.6,,8.6,8.6,8.6,8.6,8.9,8.8,9.8,10.5,10.6,9.8,10.1,11.3,,,,,,,,,,,
SNOTEL:498_NV_SNTL,12.1,12.2,12.3,12.4,12.4,12.6,13.3,13.3,13.9,14.4,14.7,14.0,13.0,13.4,,,,,,,,,,,
SNOTEL:499_WY_SNTL,15.6,15.6,16.0,16.2,16.4,16.8,17.6,18.1,18.3,19.5,20.6,20.3,21.5,21.8,,,,,,,,,,,
SNOTEL:500_MT_SNTL,9.9,9.5,9.9,10.6,10.8,10.9,11.5,14.4,14.5,16.0,16.0,14.5,15.2,15.0,,,,,,,,,,,
SNOTEL:503_NV_SNTL,7.1,7.0,7.2,7.2,7.3,7.6,7.8,7.0,8.3,8.7,7.8,4.0,0.7,1.4,,,,,,,,,,,
SNOTEL:505_CO_SNTL,10.3,10.5,10.8,11.0,11.3,11.6,12.2,12.4,13.0,13.7,14.1,14.8,15.4,16.1,,,,,,,,,,,
SNOTEL:507_WA_SNTL,8.8,9.1,8.7,8.3,8.1,8.9,8.6,9.9,10.7,11.0,10.1,7.6,7.7,10.6,,,,,,,,,,,
SNOTEL:508_CA_SNTL,13.8,13.8,13.8,13.7,12.3,11.2,10.5,9.4,8.4,5.7,3.6,0.0,0.0,0.2,,,,,,,,,,,
SNOTEL:509_WY_SNTL,6.6,6.6,6.8,6.8,6.9,7.0,6.9,7.3,7.9,8.1,8.1,6.6,6.0,5.2,,,,,,,,,,,
SNOTEL:510_MT_SNTL,6.7,6.7,7.1,7.4,7.7,7.9,8.6,9.5,10.3,10.2,11.1,9.6,10.1,10.2,,,,,,,,,,,
SNOTEL:512_WY_SNTL,3.7,3.7,3.9,4.0,4.1,4.2,4.9,4.9,5.5,5.9,6.7,6.0,6.0,7.0,,,,,,,,,,,
SNOTEL:514_UT_SNTL,7.9,7.8,7.8,7.8,7.8,7.8,9.1,9.1,9.9,8.5,7.2,2.6,0.0,0.0,,,,,,,,,,,
SNOTEL:519_AZ_SNTL,3.7,3.7,3.7,3.3,2.9,1.9,2.7,2.1,2.4,0.0,0.0,0.0,0.0,0.0,,,,,,,,,,,
SNOTEL:520_ID_SNTL,28.5,29.3,31.5,33.4,33.9,34.7,36.9,40.1,40.7,43.0,44.4,41.9,43.5,47.7,,,,,,,,,,,
SNOTEL:521_UT_SNTL,5.7,5.6,5.9,5.9,5.9,6.1,6.3,6.3,8.2,8.2,8.4,6.7,6.9,7.1,,,,,,,,,,,
SNOTEL:522_UT_SNTL,3.2,3.2,3.7,3.8,3.8,4.3,5.0,5.1,6.3,6.5,6.9,7.5,7.5,7.2,,,,,,,,,,,
SNOTEL:523_OR_SNTL,14.7,15.2,15.6,16.2,16.2,17.2,18.8,19.5,20.5,21.0,20.8,17.6,18.5,21.0,,,,,,,,,,,
SNOTEL:524_ID_SNTL,9.4,9.4,9.6,9.7,9.7,9.8,10.0,10.0,10.3,10.4,10.2,9.5,8.8,,,,,,,,,,,,
SNOTEL:525_WY_SNTL,10.0,9.6,10.0,10.2,10.8,11.0,11.2,11.6,12.2,12.7,13.2,13.3,13.5,14.3,,,,,,,,,,,
SNOTEL:526_OR_SNTL,15.1,15.0,13.9,13.1,14.0,14.6,14.7,12.5,12.0,13.6,11.8,8.2,9.7,13.3,,,,,,,,,,,
SNOTEL:528_UT_SNTL,3.4,3.3,3.6,3.7,3.7,3.9,4.6,4.6,5.6,5.8,6.0,5.2,5.2,4.8,,,,,,,,,,,
SNOTEL:529_OR_SNTL,25.4,24.3,21.9,22.8,22.2,20.0,23.1,19.7,20.1,20.8,18.8,10.7,11.2,17.4,,,,,,,,,,,
SNOTEL:530_MT_SNTL,24.2,24.4,25.1,26.3,26.8,27.6,28.8,33.1,33.0,35.2,36.0,36.5,38.7,40.3,,,,,,,,,,,
SNOTEL:531_CO_SNTL,7.3,7.7,8.1,8.7,8.9,9.3,9.9,10.1,11.0,11.8,12.4,12.5,13.1,13.4,,,,,,,,,,,
SNOTEL:532_NM_SNTL,8.3,8.3,8.5,10.1,10.3,10.3,11.5,11.8,13.3,14.1,14.3,14.8,14.4,13.8,,,,,,,,,,,
SNOTEL:533_UT_SNTL,11.2,11.2,11.4,11.4,11.4,11.6,11.7,11.8,14.3,15.3,15.4,11.8,11.3,11.7,,,,,,,,,,,
SNOTEL:535_ID_SNTL,12.7,12.7,13.5,13.7,14.5,15.0,16.5,17.0,17.5,18.1,17.7,15.6,16.8,17.0,,,,,,,,,,,
SNOTEL:540_CA_SNTL,10.2,10.1,10.0,10.0,10.0,10.2,10.8,10.5,10.6,9.7,8.0,4.9,0.5,0.0,,,,,,,,,,,
SNOTEL:541_CA_SNTL,33.3,33.3,33.3,33.4,33.4,33.6,35.0,35.0,35.4,36.5,37.8,35.1,33.9,33.2,,,,,,,,,,,
SNOTEL:542_CO_SNTL,8.7,8.9,9.1,9.3,9.5,9.7,11.0,11.2,11.9,12.6,13.1,13.4,13.9,14.3,,,,,,,,,,,
SNOTEL:543_UT_SNTL,7.5,7.5,7.7,7.7,7.7,7.8,8.7,8.7,9.8,9.9,9.9,9.8,8.5,6.6,,,,,,,,,,,
SNOTEL:548_NV_SNTL,5.2,5.2,5.5,5.3,5.3,5.4,5.8,6.1,8.1,9.0,9.3,8.3,8.7,8.9,,,,,,,,,,,
SNOTEL:549_NV_SNTL,,,,,,,,,,,,,,,,,,,,,,,,,
SNOTEL:550_ID_SNTL,15.1,15.1,15.6,15.6,15.6,15.8,15.9,16.7,17.3,18.0,18.2,17.2,17.9,19.0,,,,,,,,,,,
SNOTEL:552_OR_SNTL,11.0,10.7,9.5,9.6,9.4,9.4,10.5,9.1,9.0,9.0,7.5,4.3,2.8,6.1,,,,,,,,,,,
SNOTEL:553_WA_SNTL,33.8,33.2,31.9,33.2,33.6,34.6,36.4,36.5,36.3,40.0,41.5,39.0,40.0,43.8,,,,,,,,,,,
SNOTEL:554_WY_SNTL,7.9,7.8,7.9,7.9,8.0,8.1,8.1,8.5,9.2,9.6,9.9,9.8,10.2,10.2,,,,,,,,,,,
SNOTEL:555_WY_SNTL,7.0,7.0,7.1,7.1,7.2,7.2,7.3,7.4,8.3,8.7,8.6,7.0,6.8,6.5,,,,,,,,,,,
SNOTEL:556_CO_SNTL,8.1,8.2,8.5,8.8,8.9,9.0,9.9,10.1,11.2,11.6,11.7,11.6,12.1,12.3,,,,,,,,,,,
SNOTEL:558_OR_SNTL,7.8,6.4,5.8,5.6,4.5,2.4,3.0,0.5,1.0,0.0,0.0,0.0,0.0,2.1,,,,,,,,,,,
SNOTEL:559_UT_SNTL,5.1,5.1,5.2,5.2,5.2,5.5,6.4,6.6,8.3,8.5,8.9,9.0,8.4,7.7,,,,,,,,,,,
SNOTEL:560_WY_SNTL,7.7,7.5,7.7,7.6,7.9,8.4,8.8,9.1,9.3,9.7,9.9,10.0,10.9,12.0,,,,,,,,,,,
SNOTEL:562_MT_SNTL,6.4,6.6,7.2,7.9,8.4,9.0,9.4,9.4,10.0,10.6,9.6,7.4,8.4,8.0,,,,,,,,,,,
SNOTEL:563_OR_SNTL,6.0,6.0,6.2,6.3,6.4,6.4,5.4,5.5,5.1,4.3,1.2,0.0,0.1,1.2,,,,,,,,,,,
SNOTEL:564_CO_SNTL,5.8,5.5,6.2,6.3,6.9,7.5,8.0,8.4,8.5,9.3,10.1,9.7,9.6,9.0,,,,,,,,,,,
SNOTEL:565_CO_SNTL,14.8,15.0,15.7,16.0,16.2,16.6,17.7,17.8,19.3,20.3,20.9,20.9,21.3,22.8,,,,,,,,,,,
SNOTEL:566_UT_SNTL,8.4,8.4,8.4,8.2,8.2,8.2,8.5,8.5,9.4,9.4,9.6,9.9,10.0,8.9,,,,,,,,,,,
SNOTEL:568_MT_SNTL,3.2,3.2,3.4,3.5,3.6,3.5,3.5,3.5,3.7,4.0,4.1,2.0,0.7,1.4,,,,,,,,,,,
SNOTEL:569_NV_SNTL,5.5,5.4,5.0,5.0,5.0,5.0,5.5,4.3,4.4,3.9,1.0,0.0,0.0,1.6,,,,,,,,,,,
SNOTEL:570_NV_SNTL,6.7,6.4,7.1,7.1,7.1,7.6,8.3,8.1,9.1,9.7,9.0,6.1,3.0,2.4,,,,,,,,,,,
SNOTEL:571_WY_SNTL,2.6,2.7,3.4,3.6,3.9,4.4,4.8,5.1,5.8,6.2,6.7,6.8,7.0,7.1,,,,,,,,,,,
SNOTEL:572_UT_SNTL,6.9,6.9,6.9,6.9,6.9,6.9,9.0,9.0,11.1,11.7,12.0,10.3,8.7,5.1,,,,,,,,,,,
SNOTEL:575_CA_SNTL,8.4,8.4,8.4,8.4,8.3,8.3,8.5,7.8,7.1,5.6,2.3,0.0,0.0,0.0,,,,,,,,,,,
SNOTEL:576_MT_SNTL,4.4,4.4,4.9,5.2,5.5,6.0,6.1,6.4,7.6,8.0,8.1,7.7,7.7,8.1,,,,,,,,,,,
SNOTEL:577_WY_SNTL,18.2,18.2,18.3,18.4,18.4,18.7,19.4,19.6,19.8,21.0,21.3,19.4,19.7,22.2,,,,,,,,,,,
SNOTEL:579_UT_SNTL,6.6,6.6,7.0,7.0,7.0,7.4,7.7,7.9,9.1,9.6,9.7,9.5,9.8,10.7,,,,,,,,,,,
SNOTEL:580_CO_SNTL,8.9,8.9,9.2,10.0,10.0,10.0,12.5,12.5,13.4,13.5,13.4,12.8,11.8,9.7,,,,,,,,,,,
SNOTEL:582_UT_SNTL,7.5,7.5,7.7,7.7,7.7,7.8,8.0,7.7,8.2,8.5,7.5,1.9,0.0,1.7,,,,,,,,,,,
SNOTEL:583_UT_SNTL,5.1,5.1,5.1,5.1,4.7,2.7,2.4,1.3,0.5,0.0,0.0,0.0,0.0,0.0,,,,,,,,,,,
SNOTEL:585_WY_SNTL,7.8,7.6,7.7,7.6,8.0,8.0,8.2,8.7,9.2,9.7,10.0,10.0,10.2,10.4,,,,,,,,,,,
SNOTEL:587_CA_SNTL,9.8,9.6,9.5,9.2,9.2,9.3,9.5,9.5,9.7,9.8,9.5,8.6,5.8,4.0,,,,,,,,,,,
SNOTEL:588_ID_SNTL,17.1,17.6,18.5,19.9,20.7,21.7,22.4,24.2,25.4,27.4,28.1,25.9,27.9,28.0,,,,,,,,,,,
SNOTEL:589_CO_SNTL,9.7,9.7,9.7,9.9,9.9,10.1,13.0,13.0,14.8,15.7,16.1,14.7,12.7,8.8,,,,,,,,,,,
SNOTEL:590_MT_SNTL,8.4,8.5,9.4,9.9,10.2,10.6,11.2,11.6,12.5,13.4,14.4,14.4,16.3,17.6,,,,,,,,,,,
SNOTEL:591_WA_SNTL,24.5,24.0,23.8,25.2,25.7,25.9,27.6,27.0,27.9,31.1,32.0,30.3,33.2,,,,,,,,,,,,
SNOTEL:592_UT_SNTL,6.6,6.5,6.5,6.5,6.5,6.6,7.6,7.6,7.8,6.8,6.6,0.3,0.0,0.0,,,,,,,,,,,
SNOTEL:593_UT_SNTL,6.6,6.2,6.0,5.8,5.7,5.4,6.1,5.9,6.0,3.7,0.4,0.0,0.0,0.0,,,,,,,,,,,
SNOTEL:596_UT_SNTL,13.5,13.5,13.8,13.9,13.9,14.1,14.4,14.5,17.8,18.3,18.6,17.2,17.5,18.8,,,,,,,,,,,
SNOTEL:597_WY_SNTL,8.6,8.6,8.7,8.8,8.8,8.9,9.1,9.2,10.4,10.6,10.7,9.8,10.1,10.1,,,,,,,,,,,
SNOTEL:598_WY_SNTL,,,,,,,,,,,,,,,,,,,,,,,,,
SNOTEL:600_ID_SNTL,29.0,29.9,31.4,32.7,33.3,34.1,36.0,39.8,39.8,41.3,42.2,42.2,44.2,45.3,,,,,,,,,,,
SNOTEL:603_MT_SNTL,8.0,8.0,8.8,9.0,9.2,9.6,9.7,10.8,11.2,12.0,12.6,12.4,13.2,15.0,,,,,,,,,,,
SNOTEL:604_MT_SNTL,4.3,4.3,4.5,4.8,4.9,5.1,5.1,5.4,5.5,4.9,2.6,0.0,0.0,0.0,,,,,,,,,,,
SNOTEL:605_OR_SNTL,6.3,6.4,6.0,6.5,6.6,7.1,7.5,6.9,7.5,7.9,5.7,1.6,0.0,2.0,,,,,,,,,,,
SNOTEL:606_WA_SNTL,37.3,38.1,38.7,40.1,40.8,41.1,42.1,47.4,47.2,49.2,50.9,50.7,54.6,57.0,,,,,,,,,,,
SNOTEL:607_CO_SNTL,5.2,5.5,5.6,5.6,5.9,6.1,6.8,7.1,7.8,8.3,8.5,7.9,7.2,6.5,,,,,,,,,,,
SNOTEL:610_ID_SNTL,11.6,11.6,12.3,12.4,12.6,13.2,13.8,14.0,15.4,16.4,16.7,15.2,15.3,15.6,,,,,,,,,,,
SNOTEL:611_SD_SNTL,,,,,,,,,,,,,,,,,,,,,,,,,
SNOTEL:612_UT_SNTL,11.8,11.8,11.8,11.8,11.8,11.9,13.0,13.0,14.6,15.5,15.5,15.6,15.2,15.0,,,,,,,,,,,
SNOTEL:613_MT_SNTL,9.1,9.2,9.6,10.6,10.9,11.0,12.1,12.3,14.0,14.6,14.1,12.8,13.2,12.8,,,,,,,,,,,
SNOTEL:614_OR_SNTL,11.7,11.3,11.1,10.8,11.0,10.8,11.6,10.6,10.5,10.0,9.1,6.8,6.1,8.6,,,,,,,,,,,
SNOTEL:615_NV_SNTL,15.2,15.3,15.5,15.6,15.6,15.8,16.5,16.5,17.1,17.5,17.7,16.0,13.4,11.2,,,,,,,,,,,
SNOTEL:616_WY_SNTL,1.6,1.4,1.8,1.7,1.9,2.9,2.8,2.9,3.1,3.5,4.0,3.6,4.3,5.7,,,,,,,,,,,
SNOTEL:617_AZ_SNTL,4.7,4.7,4.8,5.3,5.4,5.2,5.5,5.6,5.5,4.6,4.4,2.4,0.0,0.0,,,,,,,,,,,
SNOTEL:619_OR_SNTL,22.5,22.9,22.4,23.3,23.2,22.7,24.1,24.8,24.1,26.6,26.4,23.6,26.0,31.3,,,,,,,,,,,
SNOTEL:620_ID_SNTL,10.8,10.7,10.8,11.2,11.3,11.5,11.6,12.0,12.3,12.6,13.0,13.2,13.3,13.6,,,,,,,,,,,
SNOTEL:621_UT_SNTL,9.5,9.5,9.5,9.5,9.5,9.5,10.7,10.9,11.9,12.0,12.1,12.0,10.8,9.6,,,,,,,,,,,
SNOTEL:622_CO_SNTL,11.8,11.5,11.7,11.6,11.6,11.8,12.8,13.3,14.8,15.5,15.7,15.6,16.0,15.8,,,,,,,,,,,
SNOTEL:623_ID_SNTL,14.2,14.9,16.0,16.6,17.0,17.4,17.8,18.8,18.9,20.3,20.5,18.0,18.8,18.3,,,,,,,,,,,
SNOTEL:625_WY_SNTL,3.6,3.6,4.0,3.9,4.5,5.7,5.6,6.0,6.3,7.0,7.7,7.3,8.0,9.4,,,,,,,,,,,
SNOTEL:626_UT_SNTL,11.3,11.3,11.3,11.3,11.3,11.7,14.2,14.2,15.6,16.0,16.0,17.0,16.5,15.4,,,,,,,,,,,
SNOTEL:627_ID_SNTL,16.8,16.8,17.1,17.5,17.7,17.7,18.4,20.0,20.6,21.5,21.5,21.5,22.2,22.5,,,,,,,,,,,
SNOTEL:628_UT_SNTL,11.9,11.9,12.2,12.3,12.3,12.6,13.2,13.5,15.5,16.3,16.5,14.0,13.5,13.6,,,,,,,,,,,
SNOTEL:629_CO_SNTL,5.8,5.9,6.0,6.1,6.2,6.3,8.8,8.9,10.2,10.7,10.9,10.8,11.2,10.7,,,,,,,,,,,
SNOTEL:630_WA_SNTL,,,,,,,,,,,,,,,,,,,,,,,,,
SNOTEL:633_CA_SNTL,10.8,10.8,10.8,10.8,10.8,11.0,11.4,11.4,11.9,11.9,10.7,8.5,4.3,2.1,,,,,,,,,,,
SNOTEL:637_ID_SNTL,18.3,18.3,18.9,18.9,18.8,19.0,19.2,20.1,20.2,21.7,20.1,16.7,17.1,17.6,,,,,,,,,,,
SNOTEL:640_AZ_SNTL,4.8,4.9,5.0,4.7,4.2,3.1,4.9,4.4,5.4,5.0,2.2,0.2,0.0,0.0,,,,,,,,,,,
SNOTEL:642_WA_SNTL,36.1,35.5,35.6,36.5,37.0,36.5,37.6,44.7,43.4,45.9,46.9,44.4,47.3,49.0,,,,,,,,,,,
SNOTEL:643_UT_SNTL,8.6,8.6,8.6,8.6,8.6,8.6,9.5,9.6,11.6,11.8,11.8,12.0,12.4,12.2,,,,,,,,,,,
SNOTEL:644_WA_SNTL,6.3,6.8,6.8,6.8,6.8,7.0,7.0,7.7,8.1,8.6,9.0,8.4,9.2,10.1,,,,,,,,,,,
SNOTEL:645_ID_SNTL,19.2,19.3,20.3,21.2,21.6,22.2,23.0,26.9,27.3,29.5,30.2,28.7,29.9,29.5,,,,,,,,,,,
SNOTEL:646_MT_SNTL,22.2,22.5,23.7,24.3,24.7,26.0,27.1,30.9,33.1,36.5,37.1,37.2,38.1,38.0,,,,,,,,,,,
SNOTEL:647_OR_SNTL,12.6,12.6,13.9,15.1,15.2,16.0,17.5,17.6,18.5,19.9,20.4,18.3,18.8,20.6,,,,,,,,,,,
SNOTEL:648_WA_SNTL,18.9,19.2,19.1,19.2,19.4,20.0,19.6,22.0,22.6,23.4,24.2,23.5,26.9,28.2,,,,,,,,,,,
SNOTEL:649_MT_SNTL,11.8,12.1,12.5,13.3,14.3,14.5,16.2,19.0,19.4,20.4,20.5,20.2,20.9,21.6,,,,,,,,,,,
SNOTEL:650_ID_SNTL,11.2,11.4,12.7,13.5,13.8,15.1,16.1,16.4,18.0,19.0,20.0,19.0,19.6,20.9,,,,,,,,,,,
SNOTEL:651_OR_SNTL,30.0,30.3,30.0,32.8,32.4,33.8,37.0,36.6,37.7,40.3,41.3,40.2,44.0,50.2,,,,,,,,,,,
SNOTEL:652_NV_SNTL,27.4,27.0,26.8,26.8,26.8,27.0,27.6,27.6,28.0,28.2,27.3,25.5,22.6,21.7,,,,,,,,,,,
SNOTEL:654_ID_SNTL,4.9,4.7,4.9,4.8,4.9,4.9,4.9,4.9,4.4,3.5,0.7,0.0,0.0,0.8,,,,,,,,,,,
SNOTEL:655_OR_SNTL,20.2,20.4,20.2,22.9,23.4,25.2,26.9,25.4,25.1,26.5,26.2,23.3,25.4,28.8,,,,,,,,,,,
SNOTEL:657_MT_SNTL,6.1,6.2,6.6,7.0,7.2,7.5,7.8,8.5,8.8,9.2,9.0,9.0,9.4,8.8,,,,,,,,,,,
SNOTEL:658_CO_SNTL,6.5,6.5,6.8,7.0,7.1,7.2,8.0,8.2,8.8,9.0,9.2,7.7,6.8,5.3,,,,,,,,,,,
SNOTEL:659_MT_SNTL,,,,,,,,,,,,,,,,,,,,,,,,,
SNOTEL:661_WY_SNTL,5.9,5.9,5.9,5.9,6.0,6.0,6.1,6.3,7.1,7.4,7.4,6.4,6.4,6.8,,,,,,,,,,,
SNOTEL:662_MT_SNTL,7.5,7.7,8.2,8.9,9.1,9.6,9.9,10.6,11.2,12.1,12.3,11.4,12.1,12.9,,,,,,,,,,,
SNOTEL:663_CO_SNTL,6.6,6.6,7.7,8.3,8.4,9.2,9.6,9.5,10.2,10.9,12.3,12.0,12.5,12.3,,,,,,,,,,,
SNOTEL:664_MT_SNTL,21.1,21.1,22.5,23.6,24.2,25.0,25.8,31.0,33.2,35.4,36.6,36.8,37.8,40.3,,,,,,,,,,,
SNOTEL:665_NM_SNTL,1.3,1.3,1.3,2.3,2.3,2.3,2.5,2.6,3.4,4.0,3.7,2.6,1.3,0.0,,,,,,,,,,,
SNOTEL:666_OR_SNTL,22.2,22.0,20.7,22.6,22.5,22.9,24.8,22.5,23.4,24.1,23.5,21.5,22.0,27.8,,,,,,,,,,,
SNOTEL:667_MT_SNTL,23.6,24.4,26.4,27.7,30.1,31.1,32.5,38.9,38.9,40.9,42.6,41.8,44.1,44.8,,,,,,,,,,,
SNOTEL:669_CO_SNTL,13.4,13.4,13.7,13.7,13.7,14.1,16.8,17.2,18.8,20.1,20.4,19.6,19.2,18.6,,,,,,,,,,,
SNOTEL:670_MT_SNTL,3.5,3.5,3.8,3.8,4.3,4.4,4.7,5.1,5.2,5.6,5.7,4.1,4.7,4.3,,,,,,,,,,,
SNOTEL:671_OR_SNTL,5.8,6.0,5.6,5.7,5.8,5.5,6.3,5.0,4.8,5.0,3.1,0.0,0.0,0.3,,,,,,,,,,,
SNOTEL:672_WA_SNTL,31.3,29.2,29.4,31.4,32.3,32.4,35.1,40.0,39.0,41.9,45.4,43.2,48.8,53.0,,,,,,,,,,,
SNOTEL:673_WY_SNTL,19.8,20.0,20.4,20.4,20.5,20.8,22.0,22.3,24.5,25.0,25.7,26.7,27.0,28.7,,,,,,,,,,,
SNOTEL:676_WY_SNTL,3.6,3.6,3.7,3.7,3.8,4.3,4.6,4.5,5.3,5.7,6.0,5.6,5.2,5.2,,,,,,,,,,,
SNOTEL:677_ID_SNTL,6.1,6.1,6.2,6.2,6.1,6.2,6.2,6.2,7.0,7.7,5.7,0.0,0.0,0.5,,,,,,,,,,,
SNOTEL:678_NM_SNTL,,,,,,,,,,,,,,,,,,,,,,,,,
SNOTEL:680_CO_SNTL,8.1,8.2,8.3,8.4,8.5,8.7,9.3,9.7,10.9,11.0,11.1,11.0,11.1,11.5,,,,,,,,,,,
SNOTEL:681_WA_SNTL,29.2,28.6,29.0,30.1,31.4,30.6,30.3,35.6,35.3,37.4,38.7,35.4,38.9,40.5,,,,,,,,,,,
SNOTEL:682_CO_SNTL,21.4,21.4,21.1,20.7,20.6,20.6,23.1,23.7,26.6,27.2,27.6,28.5,26.5,27.6,,,,,,,,,,,
SNOTEL:683_WY_SNTL,12.0,12.0,12.4,12.6,13.6,13.9,14.6,15.3,15.7,17.0,17.7,17.3,18.2,18.8,,,,,,,,,,,
SNOTEL:684_UT_SNTL,9.7,9.7,9.9,10.0,10.0,10.2,10.9,11.0,13.5,14.1,14.1,11.3,10.0,8.9,,,,,,,,,,,
SNOTEL:685_CO_SNTL,,,,,,,,,,,,,,,,,,,,,,,,,
SNOTEL:686_UT_SNTL,8.2,8.2,8.4,8.6,8.6,9.2,10.3,10.3,11.7,11.9,12.0,9.8,8.4,6.2,,,,,,,,,,,
SNOTEL:689_WY_SNTL,13.4,13.5,13.8,14.0,14.1,14.1,14.8,15.2,15.9,17.1,17.4,16.9,17.6,19.7,,,,,,,,,,,
SNOTEL:690_MT_SNTL,1.4,1.3,1.5,1.6,1.3,1.2,1.0,1.0,0.6,0.8,0.3,0.0,0.0,1.0,,,,,,,,,,,
SNOTEL:691_UT_SNTL,6.1,6.1,6.2,6.2,6.2,6.7,8.5,8.5,9.8,10.5,11.7,10.5,9.3,9.7,,,,,,,,,,,
SNOTEL:693_MT_SNTL,1.5,1.5,1.6,2.0,1.6,1.5,1.9,4.6,5.9,5.7,4.9,4.1,4.0,4.2,,,,,,,,,,,
SNOTEL:694_UT_SNTL,11.5,11.5,11.5,11.5,11.5,12.2,13.3,13.3,14.0,15.1,15.3,14.8,13.5,13.1,,,,,,,,,,,
SNOTEL:696_MT_SNTL,9.7,9.8,10.5,11.0,11.5,12.1,12.8,13.3,13.6,14.5,14.6,14.2,15.0,16.0,,,,,,,,,,,
SNOTEL:698_NV_SNTL,10.0,10.2,11.0,11.1,11.3,11.5,12.5,13.2,15.3,16.1,16.9,16.9,17.1,18.0,,,,,,,,,,,
SNOTEL:699_WA_SNTL,12.3,12.1,12.2,11.9,12.1,12.5,12.0,14.4,14.7,13.6,12.1,9.1,8.6,8.9,,,,,,,,,,,
SNOTEL:700_MT_SNTL,2.6,2.6,2.8,2.8,3.0,3.4,3.7,4.1,4.1,4.4,4.5,2.8,3.1,1.6,,,,,,,,,,,
SNOTEL:702_WA_SNTL,21.9,21.6,21.4,23.5,23.6,24.5,24.3,25.2,25.4,27.6,28.6,26.9,29.5,33.2,,,,,,,,,,,
SNOTEL:704_ID_SNTL,5.5,5.4,5.5,5.0,5.0,5.0,5.0,4.4,4.1,3.7,1.3,0.0,0.0,0.7,,,,,,,,,,,
SNOTEL:706_OR_SNTL,1.3,1.0,0.6,0.6,0.4,0.0,0.3,0.0,0.0,0.0,0.0,0.0,0.0,0.4,,,,,,,,,,,
SNOTEL:708_NM_SNTL,3.6,3.5,3.5,4.4,4.6,4.6,5.3,4.4,4.7,4.2,5.2,1.4,,,,,,,,,,,,,
SNOTEL:709_CO_SNTL,14.5,14.6,14.7,14.5,14.7,14.9,15.5,15.7,16.9,18.4,18.8,18.0,19.4,21.6,,,,,,,,,,,
SNOTEL:710_OR_SNTL,1.7,0.0,0.0,0.0,0.0,0.0,0.5,0.0,0.0,0.0,0.0,0.0,0.0,1.6,,,,,,,,,,,
SNOTEL:712_OR_SNTL,39.6,41.2,40.4,45.0,44.6,46.2,49.7,60.6,55.1,56.2,56.2,52.1,55.4,61.9,,,,,,,,,,,
SNOTEL:713_CO_SNTL,12.4,12.4,12.4,12.8,12.9,13.1,16.3,16.4,18.0,18.9,19.4,19.9,19.1,19.5,,,,,,,,,,,
SNOTEL:714_UT_SNTL,8.2,8.2,8.2,8.2,8.2,8.3,9.4,9.4,11.1,11.4,11.5,12.2,12.4,12.9,,,,,,,,,,,
SNOTEL:715_NM_SNTL,2.4,2.4,2.4,3.1,3.6,3.7,3.9,4.2,5.1,5.7,6.2,5.2,2.9,0.0,,,,,,,,,,,
SNOTEL:717_CO_SNTL,15.5,15.6,16.0,16.1,16.2,16.5,17.6,18.0,20.1,21.1,21.3,22.0,21.5,23.6,,,,,,,,,,,
SNOTEL:718_CO_SNTL,10.5,10.9,11.4,11.2,11.6,12.1,12.9,13.1,14.1,14.5,15.1,15.6,15.9,16.5,,,,,,,,,,,
SNOTEL:720_UT_SNTL,4.8,4.8,4.8,4.8,4.8,4.8,5.0,5.0,5.6,5.6,5.5,4.2,3.1,0.8,,,,,,,,,,,
SNOTEL:723_UT_SNTL,7.1,7.1,7.3,7.7,7.7,8.2,8.7,8.7,11.2,11.8,12.1,11.2,11.4,10.7,,,,,,,,,,,
SNOTEL:724_CA_SNTL,18.2,18.2,18.2,18.2,18.2,18.4,19.4,19.4,19.8,19.7,17.8,14.7,11.7,11.3,,,,,,,,,,,
SNOTEL:726_OR_SNTL,10.0,6.8,6.9,6.1,3.6,2.0,2.2,0.0,0.0,0.0,0.0,0.0,0.7,4.0,,,,,,,,,,,
SNOTEL:727_MT_SNTL,14.8,14.8,15.6,16.0,16.4,17.0,17.5,19.6,20.7,21.8,22.1,21.6,22.4,23.8,,,,,,,,,,,
SNOTEL:728_WA_SNTL,4.9,5.0,5.0,5.0,5.1,5.0,4.9,5.5,5.3,5.8,5.9,3.4,2.2,1.0,,,,,,,,,,,
SNOTEL:729_OR_SNTL,14.4,14.3,13.6,14.4,14.5,14.9,16.5,15.2,16.3,16.4,16.7,13.9,14.3,18.8,,,,,,,,,,,
SNOTEL:730_WY_SNTL,7.9,7.9,8.3,8.2,8.2,8.3,8.4,8.7,10.0,10.8,11.3,10.1,10.8,11.9,,,,,,,,,,,
SNOTEL:731_WY_SNTL,16.5,16.8,17.3,17.5,17.9,18.2,19.2,19.6,20.8,21.6,22.6,23.4,23.9,25.7,,,,,,,,,,,
SNOTEL:732_WY_SNTL,8.0,8.0,8.3,8.3,8.3,8.5,9.9,10.2,11.6,11.7,12.0,10.8,11.4,10.5,,,,,,,,,,,
SNOTEL:733_OR_SNTL,14.8,14.8,14.1,14.5,13.9,12.8,14.3,10.6,8.9,8.4,4.7,0.0,0.1,4.1,,,,,,,,,,,
SNOTEL:734_WA_SNTL,16.7,16.5,16.9,18.3,19.0,19.3,19.6,21.1,21.6,23.4,23.8,21.8,23.8,26.0,,,,,,,,,,,
SNOTEL:735_ID_SNTL,15.3,15.7,16.7,17.8,18.4,20.0,21.0,23.5,24.6,25.8,26.4,24.6,26.1,26.6,,,,,,,,,,,
SNOTEL:736_OR_SNTL,16.7,16.6,17.2,17.6,17.6,17.9,18.0,19.0,19.6,20.3,19.6,18.3,17.8,17.6,,,,,,,,,,,
SNOTEL:738_ID_SNTL,26.0,26.2,27.3,28.4,29.3,29.9,31.2,35.5,35.9,40.4,41.6,40.4,43.4,43.2,,,,,,,,,,,
SNOTEL:739_CO_SNTL,7.0,7.0,7.1,7.3,7.3,7.3,9.2,9.2,10.7,10.8,10.8,7.6,4.1,0.6,,,,,,,,,,,
SNOTEL:741_ID_SNTL,9.4,9.3,9.4,9.3,9.3,9.7,9.9,10.2,10.6,11.6,12.4,11.4,11.4,12.5,,,,,,,,,,,
SNOTEL:742_UT_SNTL,6.2,6.2,6.2,6.2,6.2,6.2,6.8,6.8,8.1,8.4,9.0,9.4,9.2,9.3,,,,,,,,,,,
SNOTEL:743_OR_SNTL,1.6,0.0,0.0,0.0,0.0,0.0,0.4,0.0,0.0,0.0,0.0,0.0,0.1,1.5,,,,,,,,,,,
SNOTEL:744_NM_SNTL,3.2,3.2,3.2,4.0,4.1,4.3,4.7,5.0,5.3,5.5,5.4,4.6,2.7,0.0,,,,,,,,,,,
SNOTEL:745_OR_SNTL,17.2,17.2,17.0,17.1,16.4,16.8,18.2,17.5,18.3,18.8,18.3,15.8,16.6,19.4,,,,,,,,,,,
SNOTEL:746_NV_SNTL,5.2,5.0,5.3,5.3,5.3,5.3,5.4,5.4,5.6,5.7,5.7,4.2,2.5,2.4,,,,,,,,,,,
SNOTEL:747_ID_SNTL,18.9,19.3,20.4,20.9,20.9,21.4,22.4,22.1,22.6,23.3,22.2,17.9,18.8,18.8,,,,,,,,,,,
SNOTEL:748_WA_SNTL,28.7,28.4,27.6,30.0,30.3,31.2,33.2,30.9,32.2,35.9,37.8,36.2,39.0,44.0,,,,,,,,,,,
SNOTEL:749_ID_SNTL,7.6,7.6,8.0,8.0,8.1,8.2,8.6,8.8,9.2,9.9,10.0,8.9,8.8,9.9,,,,,,,,,,,
SNOTEL:751_WY_SNTL,7.6,7.6,8.1,8.3,9.0,9.3,9.8,10.1,10.7,11.3,11.9,11.9,12.5,14.2,,,,,,,,,,,
SNOTEL:752_ID_SNTL,8.4,8.4,8.8,9.1,9.4,9.5,9.9,9.8,9.4,8.2,5.8,2.7,1.9,0.8,,,,,,,,,,,
SNOTEL:754_MT_SNTL,10.2,10.3,11.5,11.9,12.5,13.1,13.5,13.6,14.5,15.8,16.6,16.6,18.4,19.4,,,,,,,,,,,
SNOTEL:755_NM_SNTL,1.7,1.2,0.6,0.5,0.2,0.0,0.0,0.0,0.0,0.0,0.0,0.1,0.0,0.0,,,,,,,,,,,
SNOTEL:756_OR_SNTL,7.3,7.2,7.2,7.1,7.0,7.4,6.8,6.6,6.3,5.2,1.4,0.0,0.1,0.9,,,,,,,,,,,
SNOTEL:757_NM_SNTL,3.1,3.2,3.4,4.0,4.1,4.2,4.4,4.4,2.9,0.8,0.5,0.4,0.1,0.0,,,,,,,,,,,
SNOTEL:758_MT_SNTL,,,,,,,,,,,,,,,,,,,,,,,,,
SNOTEL:761_ID_SNTL,9.3,9.3,9.7,9.6,9.4,9.3,9.4,9.4,10.9,12.1,12.4,10.5,10.3,10.5,,,,,,,,,,,
SNOTEL:762_CO_SNTL,5.7,5.8,6.2,6.3,6.5,6.8,8.6,8.8,9.9,10.3,10.5,10.7,11.2,10.1,,,,,,,,,,,
SNOTEL:763_UT_SNTL,6.8,6.8,7.0,7.0,7.0,7.1,7.2,7.5,8.4,9.0,9.1,8.2,7.2,6.8,,,,,,,,,,,
SNOTEL:764_WY_SNTL,8.6,8.6,8.8,9.0,9.1,9.4,9.8,10.0,10.1,10.7,10.7,9.7,9.7,8.3,,,,,,,,,,,
SNOTEL:765_WY_SNTL,7.2,7.2,7.5,7.3,7.5,7.5,7.5,7.8,8.7,9.0,9.0,7.8,8.0,8.3,,,,,,,,,,,
SNOTEL:767_OR_SNTL,5.8,5.9,6.0,5.8,6.0,6.1,6.0,6.3,7.1,7.0,6.4,4.4,4.0,3.9,,,,,,,,,,,
SNOTEL:770_ID_SNTL,8.5,8.5,8.8,9.0,9.0,9.3,9.4,9.2,9.0,9.8,10.5,10.6,9.7,10.7,,,,,,,,,,,
SNOTEL:771_CA_SNTL,12.7,11.9,11.7,11.7,11.7,11.8,12.0,11.9,12.2,12.6,13.1,13.6,12.6,11.6,,,,,,,,,,,
SNOTEL:773_CO_SNTL,7.1,7.4,8.3,10.7,10.9,11.5,13.5,13.9,15.4,15.7,17.1,17.5,18.9,19.2,,,,,,,,,,,
SNOTEL:777_WA_SNTL,10.3,8.6,8.3,8.1,7.4,6.2,7.4,2.3,1.6,0.8,0.0,0.0,0.3,4.3,,,,,,,,,,,
SNOTEL:778_CA_SNTL,5.6,5.6,5.3,5.2,5.0,3.6,2.3,0.4,0.0,0.0,0.0,0.0,0.0,0.0,,,,,,,,,,,
SNOTEL:779_WY_SNTL,14.7,14.7,15.0,15.0,15.0,15.0,15.3,15.5,16.8,17.3,17.6,17.6,18.7,20.5,,,,,,,,,,,
SNOTEL:780_CO_SNTL,14.8,14.8,14.8,15.1,15.2,15.3,19.0,19.1,21.5,21.6,20.9,20.3,19.9,17.9,,,,,,,,,,,
SNOTEL:781_MT_SNTL,10.7,11.0,12.3,13.0,14.6,15.1,15.7,16.7,16.6,18.0,18.4,18.0,19.0,19.8,,,,,,,,,,,
SNOTEL:782_ID_SNTL,13.9,13.9,14.4,14.6,14.6,14.9,15.1,15.9,16.1,17.0,16.9,14.5,14.8,15.5,,,,,,,,,,,
SNOTEL:784_CA_SNTL,21.3,21.3,21.3,21.3,21.1,20.4,20.9,20.9,21.7,22.3,20.5,15.0,11.2,8.4,,,,,,,,,,,
SNOTEL:786_WY_SNTL,1.1,0.8,1.0,1.0,1.0,1.3,1.5,1.4,1.8,2.0,2.1,0.0,0.0,0.4,,,,,,,,,,,
SNOTEL:787_MT_SNTL,25.7,26.2,27.0,28.6,29.0,29.8,31.4,36.5,39.1,41.3,41.8,41.9,43.6,45.3,,,,,,,,,,,
SNOTEL:790_UT_SNTL,9.5,9.5,9.9,10.0,10.1,10.5,10.9,10.9,12.1,12.6,12.8,13.4,13.8,14.3,,,,,,,,,,,
SNOTEL:791_WA_SNTL,27.1,25.1,25.5,27.5,27.8,27.7,30.0,35.2,34.8,36.5,39.0,37.0,39.9,41.9,,,,,,,,,,,
SNOTEL:792_ID_SNTL,5.3,5.3,5.3,5.3,5.3,5.5,5.5,5.8,5.9,5.9,5.8,3.8,2.5,1.2,,,,,,,,,,,
SNOTEL:793_CO_SNTL,4.9,4.9,5.1,5.1,5.6,5.9,6.4,6.7,6.8,7.1,7.3,5.2,4.0,1.9,,,,,,,,,,,
SNOTEL:794_OR_SNTL,5.7,5.7,5.4,5.1,4.6,3.7,2.2,0.7,0.0,0.0,0.0,0.0,0.0,1.0,,,,,,,,,,,
SNOTEL:795_UT_SNTL,9.1,9.1,9.2,9.2,9.2,9.4,9.9,9.9,11.2,11.4,10.8,10.9,10.1,9.1,,,,,,,,,,,
SNOTEL:797_CO_SNTL,10.0,10.0,10.0,10.3,10.4,10.4,13.0,13.2,14.8,15.1,15.1,15.8,16.2,16.1,,,,,,,,,,,
SNOTEL:798_WY_SNTL,5.7,5.8,6.8,7.0,7.7,8.5,8.8,9.0,9.4,9.8,10.3,10.0,10.8,11.9,,,,,,,,,,,
SNOTEL:799_AZ_SNTL,,,,,,,,,,,,,,,,,,,,,,,,,
SNOTEL:8011_WY_SNTL,,,,,,,,,,,,,,,,,,,,,,,,,
SNOTEL:801_OR_SNTL,21.4,21.9,21.7,21.6,21.3,21.9,23.2,23.9,24.8,26.2,26.5,25.9,27.9,32.3,,,,,,,,,,,
SNOTEL:803_ID_SNTL,13.6,13.7,14.7,15.1,15.4,15.8,17.1,17.8,17.8,19.5,19.7,18.6,19.7,20.1,,,,,,,,,,,
SNOTEL:804_WA_SNTL,26.4,26.3,26.6,27.7,27.9,28.3,30.2,30.3,31.0,34.7,35.6,33.7,36.7,41.1,,,,,,,,,,,
SNOTEL:805_ID_SNTL,8.4,8.4,8.4,8.4,8.5,8.5,8.5,8.8,9.0,9.2,9.2,7.8,6.7,6.4,,,,,,,,,,,
SNOTEL:806_WY_SNTL,9.9,10.0,10.4,10.6,11.1,11.3,12.1,12.5,12.9,13.7,13.8,13.1,13.9,14.3,,,,,,,,,,,
SNOTEL:8082_UT_SNTL,,,,,,,,,,,,,,,,,,,,,,,,,
SNOTEL:809_CA_SNTL,11.5,11.4,11.3,11.1,10.2,8.7,8.3,6.4,4.9,3.3,0.3,0.0,0.0,0.8,,,,,,,,,,,
SNOTEL:810_OR_SNTL,5.1,5.2,5.3,5.3,5.0,5.2,4.6,3.5,2.6,0.3,0.0,0.0,0.0,0.4,,,,,,,,,,,
SNOTEL:811_NV_SNTL,4.5,4.5,4.9,4.9,4.9,4.9,5.2,4.5,4.3,1.8,0.0,0.0,0.0,0.0,,,,,,,,,,,
SNOTEL:812_OR_SNTL,9.5,9.5,10.8,11.2,11.6,12.0,12.5,12.1,13.1,12.6,10.7,8.0,7.9,8.8,,,,,,,,,,,
SNOTEL:814_UT_SNTL,13.0,13.0,13.2,13.3,13.3,13.4,14.0,14.2,15.5,16.3,16.7,16.8,17.5,18.4,,,,,,,,,,,
SNOTEL:815_OR_SNTL,11.4,11.3,11.0,10.9,10.7,10.6,11.0,10.3,10.0,10.4,8.2,4.6,4.6,5.2,,,,,,,,,,,
SNOTEL:816_WY_SNTL,10.5,10.5,10.7,10.7,10.9,11.2,11.9,12.1,12.3,13.0,13.5,12.6,12.9,13.6,,,,,,,,,,,
SNOTEL:817_WA_SNTL,19.4,19.6,20.3,19.9,20.8,,23.0,26.7,28.1,30.7,31.3,30.1,33.8,35.5,,,,,,,,,,,
SNOTEL:818_WY_SNTL,1.2,1.2,2.1,2.1,2.6,3.0,3.1,3.3,3.4,3.7,3.8,2.6,2.6,3.2,,,,,,,,,,,
SNOTEL:819_WY_SNTL,1.4,1.4,1.8,2.1,1.8,2.8,3.1,2.9,3.8,3.7,3.8,2.9,3.1,4.3,,,,,,,,,,,
SNOTEL:820_UT_SNTL,11.2,11.2,11.4,11.4,11.4,11.4,12.3,12.4,13.5,13.8,14.0,12.6,10.7,8.3,,,,,,,,,,,
SNOTEL:822_WY_SNTL,13.5,13.6,13.9,14.1,14.5,14.8,15.7,16.0,17.0,17.7,18.1,17.7,18.6,19.8,,,,,,,,,,,
SNOTEL:823_UT_SNTL,22.7,22.7,23.3,23.5,23.5,23.8,24.0,24.2,25.9,27.1,27.2,24.9,24.7,25.1,,,,,,,,,,,
SNOTEL:824_WA_SNTL,19.3,19.2,19.0,19.6,19.8,19.6,22.1,22.3,23.3,25.0,24.8,21.8,22.5,24.9,,,,,,,,,,,
SNOTEL:825_CO_SNTL,28.1,28.2,28.5,28.0,28.0,28.4,29.8,30.0,33.3,34.6,35.0,35.2,34.4,33.9,,,,,,,,,,,
SNOTEL:826_WY_SNTL,4.7,4.6,5.1,5.3,5.7,6.3,6.4,6.6,7.3,7.9,8.1,8.3,8.3,8.5,,,,,,,,,,,
SNOTEL:827_CO_SNTL,3.1,3.2,3.5,3.6,3.8,3.8,4.5,4.7,6.1,6.8,6.9,6.5,6.6,7.6,,,,,,,,,,,
SNOTEL:830_ID_SNTL,20.9,21.0,21.3,21.6,21.7,22.0,22.1,22.2,22.5,23.7,23.7,23.4,24.8,26.2,,,,,,,,,,,
SNOTEL:831_WY_SNTL,15.1,15.1,15.1,15.0,15.0,15.0,15.3,15.5,16.4,16.9,16.8,16.3,17.6,19.3,,,,,,,,,,,
SNOTEL:832_WA_SNTL,6.1,6.1,5.8,5.8,5.8,5.6,6.0,7.2,7.3,7.9,7.4,6.2,5.9,10.5,,,,,,,,,,,
SNOTEL:833_UT_SNTL,4.5,4.5,4.7,4.8,4.8,5.0,5.8,6.0,7.8,7.9,8.2,9.3,8.9,8.6,,,,,,,,,,,
SNOTEL:834_CA_SNTL,14.1,14.1,14.1,14.1,14.1,14.2,15.1,14.4,13.9,13.0,10.3,6.2,0.8,0.0,,,,,,,,,,,
SNOTEL:835_MT_SNTL,10.7,10.6,11.1,11.7,12.1,12.5,12.6,17.6,14.8,14.3,14.2,8.5,9.1,9.4,,,,,,,,,,,
SNOTEL:837_WY_SNTL,19.3,19.3,19.6,19.8,19.8,20.1,20.7,21.2,21.6,23.0,23.9,23.9,25.2,27.2,,,,,,,,,,,
SNOTEL:838_CO_SNTL,8.9,8.8,9.8,10.1,10.6,11.2,11.7,12.0,12.5,13.4,14.4,14.5,15.3,15.7,,,,,,,,,,,
SNOTEL:839_CO_SNTL,2.9,2.9,2.9,3.0,3.0,3.2,5.0,5.0,5.6,5.7,5.7,4.8,1.9,0.3,,,,,,,,,,,
SNOTEL:840_CO_SNTL,18.1,18.1,18.1,19.4,19.4,19.6,22.8,23.5,25.6,26.5,26.3,27.5,28.0,26.4,,,,,,,,,,,
SNOTEL:841_WA_SNTL,6.7,6.6,6.5,6.5,6.5,6.4,6.8,7.5,7.5,7.6,7.5,6.2,6.6,9.5,,,,,,,,,,,
SNOTEL:842_CO_SNTL,9.9,10.0,10.4,10.7,11.0,11.6,12.6,13.0,14.5,15.3,15.9,15.2,15.8,16.9,,,,,,,,,,,
SNOTEL:844_UT_SNTL,5.4,5.4,5.4,5.4,5.4,5.5,6.4,6.4,7.7,8.0,7.8,4.8,1.6,0.0,,,,,,,,,,,
SNOTEL:845_ID_SNTL,20.9,20.9,21.4,21.5,21.5,21.5,21.5,22.0,22.5,23.8,23.8,23.0,24.3,25.7,,,,,,,,,,,
SNOTEL:847_MT_SNTL,6.2,6.4,6.8,7.0,7.7,8.0,9.0,9.3,9.9,10.5,10.6,10.2,11.4,11.6,,,,,,,,,,,
SNOTEL:848_CA_SNTL,22.4,22.4,22.4,22.4,22.4,22.8,24.4,24.0,24.9,24.2,22.4,18.8,13.8,12.7,,,,,,,,,,,
SNOTEL:849_NV_SNTL,7.6,7.6,7.8,7.8,7.8,7.9,8.3,8.4,9.4,9.6,10.4,6.8,4.1,0.0,,,,,,,,,,,
SNOTEL:850_MT_SNTL,11.7,12.3,13.1,13.9,14.3,14.8,15.4,17.1,17.7,18.3,19.3,19.5,20.0,21.1,,,,,,,,,,,
SNOTEL:851_WY_SNTL,,,,,,,,,,,,,,,,,,,,,,,,,
SNOTEL:852_WY_SNTL,14.3,14.4,14.7,14.8,15.1,15.5,16.2,16.5,18.1,18.7,19.0,19.1,19.9,19.9,,,,,,,,,,,
SNOTEL:854_NM_SNTL,4.8,4.8,5.2,5.9,6.3,6.5,6.9,7.0,7.6,8.4,9.6,9.4,9.6,7.9,,,,,,,,,,,
SNOTEL:855_ID_SNTL,13.9,13.9,14.2,14.7,14.9,15.3,15.5,16.6,16.7,17.4,16.8,14.0,13.7,13.9,,,,,,,,,,,
SNOTEL:857_CO_SNTL,3.0,3.1,3.5,5.2,5.5,5.5,5.8,5.9,7.5,8.2,8.3,8.1,8.0,6.0,,,,,,,,,,,
SNOTEL:858_MT_SNTL,8.1,8.1,8.4,8.4,8.7,8.9,9.0,9.3,9.2,9.9,10.2,10.1,10.7,11.0,,,,,,,,,,,
SNOTEL:859_WY_SNTL,18.6,18.8,19.0,18.3,18.0,17.9,19.1,19.9,21.5,22.6,23.0,22.4,23.1,24.7,,,,,,,,,,,
SNOTEL:861_AZ_SNTL,3.3,3.0,2.9,2.5,2.3,0.4,2.9,1.9,1.2,0.1,0.1,0.1,0.0,0.0,,,,,,,,,,,
SNOTEL:862_MT_SNTL,12.0,12.2,12.6,12.8,13.4,13.8,14.6,15.3,15.6,16.9,17.3,17.0,18.3,18.9,,,,,,,,,,,
SNOTEL:863_WA_SNTL,17.4,16.6,16.4,17.2,17.2,17.3,17.6,17.2,17.4,19.3,20.0,18.6,20.8,23.0,,,,,,,,,,,
SNOTEL:864_UT_SNTL,7.3,7.3,7.3,7.2,7.2,7.4,8.3,8.3,9.6,9.7,9.5,8.3,7.4,6.5,,,,,,,,,,,
SNOTEL:865_UT_SNTL,5.6,5.6,5.6,5.6,5.6,5.6,7.4,7.4,7.9,8.1,7.7,6.7,4.2,1.9,,,,,,,,,,,
SNOTEL:868_WY_SNTL,16.4,16.4,16.7,16.4,16.3,16.4,17.2,18.0,19.8,20.4,21.5,19.6,20.5,23.0,,,,,,,,,,,
SNOTEL:869_CO_SNTL,8.9,9.3,9.6,9.8,10.0,10.5,11.4,11.4,12.2,12.8,13.1,13.7,13.8,15.4,,,,,,,,,,,
SNOTEL:871_ID_SNTL,6.8,6.8,7.2,7.2,7.4,7.8,8.1,8.4,9.5,10.4,10.2,8.1,6.9,5.7,,,,,,,,,,,
SNOTEL:872_WY_SNTL,3.3,3.4,3.6,3.7,4.1,4.5,4.7,5.1,6.2,6.7,7.4,7.2,7.5,7.8,,,,,,,,,,,
SNOTEL:873_OR_SNTL,5.7,5.7,6.1,6.6,6.6,6.3,6.0,7.2,7.9,8.4,8.4,7.9,7.6,7.9,,,,,,,,,,,
SNOTEL:874_CO_SNTL,23.1,23.1,23.4,24.9,25.1,25.2,29.4,29.9,32.2,33.4,33.7,34.0,35.1,35.1,,,,,,,,,,,
SNOTEL:876_MT_SNTL,5.5,5.5,5.8,5.9,6.6,6.8,7.3,8.0,8.6,9.0,8.9,8.5,8.9,8.3,,,,,,,,,,,
SNOTEL:877_AZ_SNTL,1.7,0.1,0.0,0.0,0.0,0.0,1.5,0.0,0.0,0.0,0.0,0.0,0.0,0.0,,,,,,,,,,,
SNOTEL:878_WY_SNTL,9.9,9.8,9.9,10.0,10.6,10.2,11.0,11.4,11.6,12.3,12.7,11.6,12.7,13.4,,,,,,,,,,,
SNOTEL:895_ID_SNTL,8.4,8.4,8.6,8.7,8.8,8.8,8.8,9.1,9.1,9.5,9.3,7.4,6.8,7.0,,,,,,,,,,,
SNOTEL:896_UT_SNTL,10.5,10.5,10.7,10.8,10.8,10.9,11.2,11.1,13.2,13.8,13.8,9.9,9.0,8.2,,,,,,,,,,,
SNOTEL:897_WA_SNTL,19.6,19.8,20.0,22.2,21.7,22.1,24.8,24.0,24.4,24.4,25.3,22.7,25.4,29.1,,,,,,,,,,,
SNOTEL:899_WA_SNTL,19.1,19.0,19.2,21.5,21.6,21.5,23.5,24.5,24.5,24.6,24.5,22.8,25.2,28.2,,,,,,,,,,,
SNOTEL:901_MT_SNTL,17.0,17.2,18.6,19.3,20.2,21.2,21.9,24.8,25.8,27.0,27.6,27.6,28.6,29.0,,,,,,,,,,,
SNOTEL:902_AZ_SNTL,1.5,1.6,2.0,2.3,2.2,2.0,2.0,1.7,1.1,1.4,0.0,0.0,0.0,0.0,,,,,,,,,,,
SNOTEL:904_CO_SNTL,14.2,14.2,14.2,14.2,14.2,14.4,17.1,17.6,19.3,20.0,20.1,20.6,20.5,20.4,,,,,,,,,,,
SNOTEL:905_CO_SNTL,9.5,9.5,9.3,9.3,9.3,9.3,11.6,11.8,13.3,13.5,13.3,12.4,11.8,8.9,,,,,,,,,,,
SNOTEL:906_UT_SNTL,5.7,5.7,5.9,6.3,6.3,6.8,7.2,7.3,9.8,10.2,10.5,7.9,6.9,5.9,,,,,,,,,,,
SNOTEL:907_UT_SNTL,5.8,5.7,5.6,5.6,5.6,5.6,6.7,6.7,7.1,7.2,6.6,3.8,0.0,0.0,,,,,,,,,,,
SNOTEL:909_WA_SNTL,18.8,18.5,18.5,20.3,21.5,21.7,23.5,,26.9,29.9,31.0,29.1,33.2,35.6,,,,,,,,,,,
SNOTEL:911_WA_SNTL,19.9,19.9,19.4,22.4,23.2,23.6,27.4,28.0,28.0,30.7,31.6,29.2,32.8,36.8,,,,,,,,,,,
SNOTEL:912_WA_SNTL,24.0,23.6,23.2,27.2,29.5,31.2,34.6,30.0,33.3,35.3,36.8,34.5,38.4,40.5,,,,,,,,,,,
SNOTEL:913_CO_SNTL,8.5,8.6,8.9,8.9,9.1,9.5,10.1,10.2,10.9,11.2,11.3,11.6,12.3,13.4,,,,,,,,,,,
SNOTEL:915_ID_SNTL,6.9,6.9,7.1,7.3,7.3,7.6,8.0,8.3,9.0,9.5,9.7,9.7,9.6,9.4,,,,,,,,,,,
SNOTEL:917_MT_SNTL,2.3,2.1,2.8,2.7,2.9,3.2,3.5,3.4,3.7,4.0,3.0,1.0,0.6,0.9,,,,,,,,,,,
SNOTEL:918_MT_SNTL,8.1,8.3,8.5,8.6,8.6,8.8,9.2,9.5,10.7,11.2,11.3,11.7,11.9,12.3,,,,,,,,,,,
SNOTEL:919_MT_SNTL,3.9,4.0,4.7,4.8,5.3,5.8,5.9,6.9,7.0,7.4,7.6,7.6,7.8,8.4,,,,,,,,,,,
SNOTEL:920_SD_SNTL,2.2,2.0,2.8,2.6,3.5,4.4,4.3,4.7,4.8,5.1,5.1,4.1,4.6,5.0,,,,,,,,,,,
SNOTEL:921_NM_SNTL,2.3,2.2,2.4,2.9,3.2,2.1,1.1,0.5,0.7,0.4,1.1,1.0,0.1,0.1,,,,,,,,,,,
SNOTEL:922_NM_SNTL,6.0,6.0,6.2,6.9,7.4,7.7,7.7,8.1,8.8,9.6,11.0,11.8,,,,,,,,,,,,,
SNOTEL:923_WY_SNTL,7.4,7.5,7.7,7.7,8.0,8.5,8.6,8.5,9.6,10.1,10.5,10.5,11.3,12.3,,,,,,,,,,,
SNOTEL:924_MT_SNTL,6.4,6.4,6.6,6.7,6.8,7.0,7.1,7.3,7.4,7.7,8.0,6.8,6.6,5.4,,,,,,,,,,,
SNOTEL:925_OR_SNTL,11.4,10.5,8.7,10.2,9.3,8.7,10.0,7.4,7.5,6.0,3.6,0.0,0.0,5.3,,,,,,,,,,,
SNOTEL:926_ID_SNTL,13.4,13.4,14.0,14.1,14.2,14.3,14.4,14.9,15.0,15.7,15.9,15.9,15.8,15.8,,,,,,,,,,,
SNOTEL:927_AZ_SNTL,12.4,12.6,12.9,13.2,13.3,13.5,15.5,15.9,17.6,18.4,18.3,18.2,15.4,12.0,,,,,,,,,,,
SNOTEL:929_MT_SNTL,4.1,4.2,5.0,5.4,5.5,6.0,6.7,6.6,6.8,7.5,7.5,6.1,6.4,5.8,,,,,,,,,,,
SNOTEL:930_MT_SNTL,4.8,4.8,5.1,5.3,5.7,6.3,6.3,6.8,7.0,7.5,8.0,8.4,8.4,7.9,,,,,,,,,,,
SNOTEL:935_CO_SNTL,6.9,7.1,7.3,7.4,7.8,8.1,8.7,8.8,9.3,9.8,10.0,10.2,10.4,10.5,,,,,,,,,,,
SNOTEL:936_CO_SNTL,1.6,1.4,2.1,2.4,2.7,3.3,3.5,3.6,4.1,5.0,5.8,6.1,6.0,6.1,,,,,,,,,,,
SNOTEL:937_CO_SNTL,4.9,5.0,5.3,5.6,5.7,5.7,6.0,6.2,6.9,7.3,7.5,7.6,7.8,8.0,,,,,,,,,,,
SNOTEL:939_CO_SNTL,1.3,1.3,1.6,1.8,2.0,2.3,2.8,2.9,3.1,3.4,3.8,3.8,3.8,4.0,,,,,,,,,,,
SNOTEL:941_WA_SNTL,0.0,0.0,0.0,0.8,0.0,0.0,1.1,0.0,0.0,0.0,0.0,0.0,0.0,1.1,,,,,,,,,,,
SNOTEL:942_WA_SNTL,12.2,12.5,12.1,13.0,13.6,14.6,16.3,14.7,16.0,18.2,18.7,16.3,17.8,19.3,,,,,,,,,,,
SNOTEL:945_OR_SNTL,1.8,1.7,1.6,1.6,1.3,0.3,0.0,0.0,0.0,0.0,0.0,0.0,0.1,0.5,,,,,,,,,,,
SNOTEL:972_UT_SNTL,9.1,9.1,9.6,9.7,9.7,9.9,10.2,10.3,13.7,14.1,13.6,9.7,7.4,5.4,,,,,,,,,,,
SNOTEL:974_WA_SNTL,22.8,22.8,22.6,22.9,23.4,23.4,23.7,28.4,29.2,31.3,31.4,30.8,37.2,39.8,,,,,,,,,,,
SNOTEL:975_WA_SNTL,12.0,12.3,12.3,13.0,13.3,13.7,14.6,16.4,16.8,18.6,17.7,15.0,15.4,16.0,,,,,,,,,,,
SNOTEL:976_OR_SNTL,,,,,,,,,,,,,,,,,,,,,,,,,
SNOTEL:978_ID_SNTL,14.7,14.7,15.1,15.1,15.1,15.4,15.4,15.5,15.8,16.8,16.9,14.6,14.2,15.4,,,,,,,,,,,
SNOTEL:981_MT_SNTL,1.9,1.7,2.4,2.8,2.7,4.0,4.8,4.8,5.0,5.1,5.5,4.2,4.2,5.2,,,,,,,,,,,
SNOTEL:982_WY_SNTL,1.3,0.8,1.9,1.6,2.4,3.1,3.2,3.5,3.4,3.6,3.9,2.8,3.4,3.5,,,,,,,,,,,
SNOTEL:984_WA_SNTL,9.6,9.7,9.8,10.2,10.2,10.6,12.3,11.4,11.5,12.8,12.5,9.1,8.7,9.0,,,,,,,,,,,
SNOTEL:988_ID_SNTL,21.8,22.0,22.6,23.1,23.6,24.0,24.9,27.5,27.8,30.2,30.8,30.8,32.5,32.4,,,,,,,,,,,
SNOTEL:989_ID_SNTL,11.8,11.8,12.2,12.3,12.6,12.7,13.1,13.6,14.2,14.1,13.7,10.1,10.3,10.7,,,,,,,,,,,
SNOTEL:990_WA_SNTL,27.4,28.4,28.5,29.6,30.5,30.3,30.8,36.8,37.0,38.3,38.7,37.1,41.2,42.9,,,,,,,,,,,
SNOTEL:991_WA_SNTL,,,,,,,,,,,,,,,,,,,,,,,,,
SNOTEL:992_UT_SNTL,5.9,5.9,6.1,6.2,6.3,6.6,6.8,6.8,7.9,8.5,8.3,7.3,6.4,5.5,,,,,,,,,,,
SNOTEL:994_WA_SNTL,,,,,,,,,,,,,,,,,,,,,,,,,
SNOTEL:995_WA_SNTL,,,,,,,,,,,,,,,,,,,,,,,,,
SNOTEL:996_WA_SNTL,,,,,,,,,,,,,,,,,,,,,,,,,
SNOTEL:998_WA_SNTL,64.6,62.9,65.5,69.6,71.1,71.5,73.8,84.3,83.9,88.0,91.0,91.2,102.7,104.8,,,,,,,,,,,
SNOTEL:999_WA_SNTL,27.6,29.3,29.4,31.3,35.2,35.9,39.1,42.5,43.2,48.3,52.6,49.8,58.7,60.5,,,,,,,,,,,
